B7_016,F_020,M_B7,B3_007,B7_015,F_019,M_F,L1_001
1.370005,0.204285,0.519975,0.740193,-0.330055,0.160302,0.1822935,-0.107789
1.370005,1.736422,0.822526,0.951676,0.275047,0.320604,1.028513,0.107788
1.896931,1.838565,1.2510165,0.740193,0.605102,0.694641,1.266603,0.26947
2.845396,2.04285,1.587726,0.845934,0.330056,1.122113,1.5824815,1.023988
2.529241,1.429995,2.0072455,0.898805,1.48525,1.122113,1.276054,0.808411
0.84308,1.940707,0.8341095,0.845934,0.825139,1.068679,1.504693,0.431152
1.896931,0.81714,1.058484,0.951676,0.220037,0.374038,0.595589,0.323364
0.316155,0.612855,0.488133,1.004547,0.660111,0.694641,0.653748,0.323364
0.948465,1.123567,0.309205,2.114836,-0.330055,0.213736,0.6686515,0.970094
1.896931,2.45142,1.140998,1.16316,0.385065,0.694641,1.5730305,0.754517
1.580776,1.429995,0.8453975,1.586127,0.110019,0.587773,1.008884,0.700623
1.26462,1.22571,0.6873195,1.797611,0.110019,-0.053434,0.586138,0.700623
0.84308,1.123567,0.6140725,2.009095,0.385065,0.427472,0.7755195,0.9162
0.737695,0.81714,0.20382,1.850482,-0.330055,0.694641,0.7558905,0.26947
0.316155,1.123567,0.295601,1.850482,0.275047,0.53434,0.8289535,0.754517
0.42154,1.021425,0.155761,1.956224,-0.110018,0.160302,0.5908635,-0.323365
0.63231,0.919282,0.4536785,1.638998,0.275047,0.106868,0.513075,0.592835
2.318471,1.123567,1.296759,1.691869,0.275047,0.641207,0.882387,0.592835
2.845396,1.940707,1.9727905,1.956224,1.100185,0.748075,1.344391,1.18567
2.107701,3.064275,1.3013925,1.480385,0.495084,0.587773,1.826024,1.455141
3.688477,1.327852,2.2843125,1.480385,0.880148,1.175547,1.2516995,0.862305
4.110017,2.553562,2.907652,1.903353,1.705287,1.282415,1.9179885,1.509035
4.320787,2.962132,2.7654955,2.167707,1.210204,1.389283,2.1757075,1.8324
3.056166,3.779272,2.408231,1.956224,1.760296,1.442717,2.6109945,1.455141
4.742327,5.757847,3.0312745,2.061966,1.320222,1.709887,3.733867,1.724611
6.075552,5.757847,3.697887,2.061966,1.320222,3.1096,4.4337235,3.459743
6.075552,5.757847,3.697887,2.061966,1.320222,3.1096,4.4337235,3.459743
6.075552,5.144992,4.0004375,2.590675,1.925323,3.1096,4.127296,3.729214
5.759397,6.26856,3.787351,2.114837,1.815305,3.37677,4.822665,3.459743
7.550943,5.757847,5.0131795,2.379192,2.475416,3.64394,4.7008935,3.837002
8.288638,6.064275,5.4095315,2.590675,2.530425,3.697374,4.8808245,3.837002
7.761713,7.392127,5.311097,2.484934,2.860481,3.64394,5.5180335,4.214261
9.131719,7.0857,6.188632,3.013643,3.245545,4.338581,5.7121405,4.807096
9.026334,7.800697,6.4934995,3.330868,3.960665,4.178279,5.989488,5.238249
10.712495,8.413552,7.4465985,3.43661,4.180702,5.140091,6.7768215,4.59152
12.187885,8.107125,8.1292845,3.172256,4.070684,4.552317,6.329721,5.615508
12.504041,9.741405,8.7824455,3.330868,5.06085,4.605751,7.173578,5.831085
12.925581,9.94569,8.9932155,3.489481,5.06085,5.727864,7.836777,6.208343
12.187885,10.252117,8.8169,3.806707,5.445915,5.834732,8.0434245,5.884979
13.136351,10.864972,9.6211885,4.123932,6.106026,6.155336,8.510154,6.370026
11.977115,9.741405,8.876543,4.01819,5.775971,6.47594,8.1086725,6.154449
12.925581,10.76283,9.5708125,4.01819,6.216044,5.9416,8.352215,7.016755
13.452506,10.864972,9.999303,4.229674,6.5461,5.9416,8.403286,6.585602
13.663276,10.660687,9.747128,4.494028,5.83098,5.9416,8.3011435,6.693391
12.504041,10.967115,9.0849965,5.075609,5.665952,6.636242,8.8016785,7.394014
13.136351,11.375685,9.51117,5.075609,5.885989,6.529374,8.9525295,6.962861
13.136351,10.76283,9.4011515,5.075609,5.665952,6.422506,8.592668,7.016755
14.295587,11.375685,10.2558155,4.758383,6.216044,5.995034,8.6853595,7.447908
13.663276,10.456402,9.93966,5.128479,6.216044,6.582808,8.519605,7.825167
13.979431,11.375685,10.235261,5.234221,6.491091,6.956845,9.166265,7.825167
14.400972,11.375685,10.5010405,4.969867,6.601109,6.74311,9.0593975,7.555697
14.400972,11.375685,10.55605,5.551447,6.711128,7.277449,9.326567,7.663485
14.400972,13.31447,10.55605,5.551447,6.711128,7.277449,10.2959595,7.663485
13.347121,13.927325,10.304171,5.710059,7.261221,7.063713,10.495519,7.771273
13.557892,14.54018,10.6295935,5.657189,7.701295,7.277449,10.9088145,8.202426
14.927897,14.94875,11.1220635,5.498576,7.31623,7.704921,11.3268355,8.525791
13.768662,14.54018,10.459932,5.921543,7.151202,7.491185,11.0156825,8.040744
14.190202,14.029468,10.670702,6.555994,7.151202,7.651487,10.8404775,8.148532
13.663277,14.335895,10.599772,6.238769,7.536267,7.918657,11.127276,8.25632
14.295587,13.110185,11.135964,6.027285,7.976341,8.025525,10.567855,7.825167
15.138667,14.335895,11.2824575,6.34451,7.426248,7.704921,11.020408,8.364108
13.557892,14.335895,10.4645655,6.185898,7.371239,8.132392,11.2341435,7.98685
12.820196,13.620898,9.9581945,6.503123,7.096193,8.185826,10.903362,8.25632
12.925581,10.110185,9.9008685,6.555994,6.876156,7.918657,9.014421,8.148532
12.925581,9.395188,9.708336,6.291639,6.491091,7.117147,8.2561675,7.501802
12.504041,8.782333,9.360043,6.820349,6.216045,7.437751,8.110042,8.094638
12.609426,9.293045,9.577763,6.555994,6.5461,7.598053,8.445549,7.825167
11.977116,10.212328,9.069076,6.291639,6.161036,7.224015,8.7181715,7.825167
12.187886,9.599473,9.091947,6.92609,5.996008,7.224015,8.411744,7.825167
11.871731,10.110185,9.0163835,6.555994,6.161036,7.170581,8.640383,7.825167
12.082501,9.395188,9.231787,6.92609,6.381073,7.651487,8.5233375,7.609591
12.714811,10.416613,9.6579605,6.820349,6.60111,7.224015,8.820314,8.040744
11.45019,9.803758,8.6955945,6.767478,5.940999,7.491185,8.6474715,8.25632
11.02865,8.884475,8.732366,6.661736,6.436082,7.170581,8.027528,8.364108
11.23942,9.293045,8.315163,7.296187,5.390906,7.170581,8.231813,7.609591
12.082501,10.008043,9.0942635,6.397381,6.106026,7.437751,8.722897,8.202426
12.293271,9.293045,8.952107,6.608865,5.610943,7.170581,8.231813,7.663485
11.977116,9.9059,8.766525,6.767478,5.555934,7.170581,8.5382405,7.394014
11.660961,10.008043,8.80098,7.137574,5.940999,7.544619,8.776331,7.98685
12.187886,10.008043,9.0369375,7.772025,5.885989,7.437751,8.722897,7.879061
12.187886,9.49733,9.146956,7.190445,6.106026,7.170581,8.3339555,7.286226
11.134035,9.49733,8.31748,6.555994,5.500925,6.796543,8.1469365,7.501802
9.342489,9.395188,7.8716145,7.243316,6.40074,6.689675,8.0424315,7.501802
9.342489,9.395188,7.8716145,7.243316,6.40074,6.689675,8.0424315,7.501802
9.131719,10.212328,7.8487435,7.824896,6.565768,6.369071,8.2906995,7.932955
8.077869,9.190903,6.936754,7.666284,5.795639,6.582807,7.886855,7.825166
7.972484,9.08876,7.0765935,7.296187,6.180703,5.995033,7.5418965,7.124543
7.550943,9.293045,6.6182815,7.084703,5.68562,6.208769,7.750907,7.178437
7.340173,9.08876,6.567906,7.613413,5.795639,6.208769,7.6487645,7.124543
6.497093,8.578048,5.926329,7.084703,5.355565,6.262203,7.4201255,7.178437
7.340173,8.68019,6.4303825,7.349058,5.520592,6.101901,7.3910455,6.908966
6.813248,8.884475,6.331948,7.084703,5.850648,6.101901,7.493188,6.908966
7.550943,9.190903,6.315731,7.4548,5.080519,6.048467,7.619685,6.908966
7.129403,9.08876,6.462521,7.137574,5.795639,5.67443,7.381595,7.124543
7.550943,9.803758,6.87074,6.978962,6.190537,6.101901,7.9528295,7.016755
6.391708,8.067335,6.5661685,7.401929,6.740629,5.995033,7.031184,6.801178
4.810932,7.556623,5.1431745,7.296187,5.475417,5.514128,6.5353755,6.316131
4.705547,6.943768,4.870445,6.978962,5.035343,5.086656,6.015212,6.747284
4.600162,7.965193,5.262743,6.767478,5.925324,5.40726,6.6862265,6.208343
5.443242,7.148053,5.7943015,6.978962,6.145361,5.40726,6.2776565,6.639496
4.178622,7.352338,4.9419545,6.397382,5.705287,5.086656,6.219497,5.992766
4.284007,6.841625,4.9671425,6.820349,5.650278,4.87292,5.8572725,5.938872
3.440926,6.433055,4.5180975,6.714607,5.595269,4.926354,5.6797045,5.399931
4.705547,6.63734,5.067894,6.027285,5.430241,5.14009,5.888715,5.831084
3.440926,6.330913,4.545602,6.661736,5.650278,4.338581,5.334747,5.77719
3.124771,6.126628,4.0299645,6.238769,4.935158,4.498882,5.312755,5.022672
3.230156,5.309488,3.945134,6.661736,4.660112,4.338581,4.8240345,5.076566
2.07092,5.8202,3.3930205,6.080156,4.715121,4.392014,5.106107,4.753201
1.754765,5.207345,2.9874015,5.657189,4.220038,3.750807,4.479076,4.645413
6.700915,4.696633,5.350458,6.133027,4.000001,3.804241,4.250437,4.807095
6.173989,5.41163,5.1970135,5.71006,4.220038,3.537071,4.4743505,4.21426
6.911685,4.083778,5.1257875,5.71006,3.33989,3.269901,3.6768395,4.483731
6.384759,4.390205,4.9998475,5.339963,3.614936,3.430203,3.910204,4.429837
6.384759,4.390205,4.9998475,5.339963,3.614936,3.430203,3.910204,4.429837
5.436293,5.615915,4.938184,5.974414,4.440075,3.216467,4.416191,3.567531
5.120138,4.59449,4.4225465,5.234221,3.724955,3.750806,4.172648,4.214261
4.066287,5.105203,3.8681165,5.287092,3.669946,3.269901,4.187552,3.513637
4.066287,3.981635,3.730593,4.969866,3.394899,3.216467,3.599051,3.67532
3.855517,3.36878,3.2401435,5.022737,2.62477,3.109599,3.2391895,3.136378
2.907052,3.36878,2.5183695,4.969866,2.129687,2.468391,2.9185855,3.136378
2.169356,2.449498,1.90198,4.494028,1.634604,2.735561,2.5925295,2.866908
2.063971,2.040928,1.876792,4.811253,1.689613,1.77375,1.907339,2.75912
2.063971,1.019503,1.8217825,4.494028,1.579594,1.880618,1.4500605,2.974696
1.958586,1.019503,1.7415855,4.229673,1.524585,1.560014,1.2897585,2.004602
1.01012,1.530215,-0.255235,4.176802,-1.52059,1.50658,1.5183975,2.058496
0.79935,1.530215,0.5293615,4.969866,0.259373,0.811938,1.1710765,1.735131
1.115505,1.530215,0.5499155,4.388286,-0.015674,0.918806,1.2245105,0.926719
-0.149115,1.428072,-0.027385,3.965319,0.094345,1.346278,1.387175,0.603355
-0.46527,1.019502,-0.2679765,3.383739,-0.070683,1.079108,1.049305,0.872825
1.431661,2.755925,0.900526,3.277997,0.369391,0.491334,1.6236295,0.926719
1.431661,1.530215,1.203077,3.700964,0.974493,0.865372,1.1977935,0.603355
1.326276,2.755925,0.8478335,3.753835,0.369391,0.918806,1.8373655,1.357872
0.37781,1.121645,0.043545,2.749288,-0.29072,0.70507,0.9133575,0.27999
0.272425,0.10022,-0.0916615,3.43661,-0.455748,0.491334,0.295777,0.495566
-0.570655,0.304505,-0.5682105,3.066513,-0.565766,0.331033,0.317769,0.064413
-1.097581,-1.431918,-0.9691965,2.432062,-0.840812,-0.203307,-0.8176125,0.495566
-1.202966,-1.12549,-1.1594125,2.802159,-1.115859,-0.256741,-0.6911155,-0.043375
-0.46527,-0.71692,-0.873078,2.432062,-1.280886,0.170731,-0.2730945,-0.36674
-0.2545,-0.206208,-0.547656,2.643546,-0.840812,-0.149873,-0.1780405,0.333884
0.061655,0.406647,-0.362074,2.061966,-0.785803,0.117297,0.261972,0.118307
-0.781426,1.428072,-0.4260545,2.273449,-0.070683,0.331033,0.8795525,-0.205057
-0.781426,1.428072,-0.4260545,2.273449,-0.070683,0.331033,0.8795525,-0.205057
-1.308352,2.551639,-0.6620125,1.956224,-0.015673,0.491335,1.521487,-0.097269
-0.570656,2.040927,-0.210651,2.061966,0.149354,0.437901,1.239414,0.172202
-0.465271,2.245212,-0.2954815,2.167707,-0.125692,0.544769,1.3949905,0.549461
-1.097582,1.938784,-0.7216555,1.797611,-0.345729,0.063864,1.001324,0.27999
-2.046047,1.223787,-1.2784015,1.480386,-0.510756,0.117298,0.6705425,-0.097269
-2.046047,-0.001923,-2.9660175,1.586127,-3.885988,-0.470476,-0.2361995,-0.474527
-3.837593,-1.738346,-4.4393875,2.009095,-5.041182,-1.378853,-1.5585995,-1.282939
-4.259133,-2.453343,-4.7051665,1.586127,-5.1512,-1.432287,-1.942815,-1.875775
-3.521438,-3.679053,-4.418833,1.586127,-5.316228,-2.126929,-2.902991,-2.360822
-4.153748,-3.168341,-4.789997,0.793064,-5.426246,-4.069839,-3.61909,-2.791975
-3.626823,-4.189766,-4.444021,1.16316,-5.261219,-4.069839,-4.1298025,-2.522504
-3.942978,-3.270483,-4.904649,0.158613,-5.86632,-4.390443,-3.830463,-2.845869
-4.153748,-3.270483,-5.1200525,0.264354,-6.086357,-3.909537,-3.59001,-2.522504
-3.626823,-2.759771,-4.8290855,0.58158,-6.031348,-4.230141,-3.494956,-2.46861
-3.837593,-3.576911,-4.329369,0.211484,-4.821145,-4.283575,-3.930243,-2.46861
-2.994513,-3.679053,-4.2928935,-0.317226,-5.591274,-3.909537,-3.794295,-3.007551
-3.099898,-2.657628,-4.125549,-0.158613,-5.1512,-4.069839,-3.3637335,-2.953657
-2.046047,-1.942631,-3.5986235,-0.422967,-5.1512,-4.497311,-3.219971,-2.899763
-3.099898,-2.555486,-3.988026,-0.475838,-4.876154,-4.176707,-3.3660965,-2.953657
-3.837593,-2.249058,-4.6594245,-1.004547,-5.481256,-4.497311,-3.3731845,-2.953657
-2.889128,-2.964056,-3.93765,-0.105742,-4.986172,-4.176707,-3.5703815,-2.306928
-3.732208,-2.657628,-4.579227,-0.845935,-5.426246,-4.604179,-3.6309035,-2.522504
-3.626823,-1.942631,-4.664058,-0.687322,-5.701293,-4.657613,-3.300122,-2.899763
-2.889128,-1.942631,-4.377724,-0.740193,-5.86632,-4.871349,-3.40699,-2.791975
-3.310668,-1.738346,-4.4234665,-0.898806,-5.536265,-5.085085,-3.4117155,-2.576398
-4.469903,-1.227634,-4.9755795,-1.216031,-5.481256,-4.764481,-2.9960575,-2.953657
-4.996829,-2.453344,-5.4315745,-1.374644,-5.86632,-4.604179,-3.5287615,-3.38481
-5.523754,-2.249059,-6.0525975,-0.317226,-6.581441,-4.711047,-3.480053,-3.169234
-5.945294,-2.044774,-6.2358625,-1.057418,-6.526431,-5.56599,-3.805382,-3.38481
-5.945294,-2.044774,-6.2358625,-1.057418,-6.526431,-5.56599,-3.805382,-3.38481
-5.312984,-0.206209,-5.8646985,-1.427515,-6.416413,-5.352254,-2.7792315,-3.061446
-4.996828,-1.125491,-5.734125,-1.268902,-6.471422,-5.138518,-3.1320045,-3.38481
-3.732208,-0.308351,-4.881778,-1.903353,-6.031348,-5.779726,-3.0440385,-3.277022
-5.102213,-0.410494,-5.4292575,-1.321773,-5.756302,-4.924782,-2.667638,-3.061446
-4.259133,-0.410494,-5.1452405,-1.74474,-6.031348,-5.03165,-2.721072,-3.38481
-4.891443,-1.636204,-5.4889,-1.797611,-6.086357,-5.459122,-3.547663,-3.492599
-4.891443,-1.431919,-5.653928,-2.220579,-6.416413,-5.459122,-3.4455205,-3.492599
-4.891443,-2.351201,-5.571414,-1.797611,-6.251385,-5.405688,-3.8784445,-3.977646
-4.469902,-1.840489,-5.663194,-2.32632,-6.856486,-5.672858,-3.7566735,-3.600387
-5.734523,-3.270484,-6.488037,-2.802159,-7.241551,-5.726292,-4.498388,-4.139328
-5.102213,-2.453344,-6.2268915,-2.696417,-7.35157,-5.886594,-4.169969,-4.139328
-4.996828,-3.066199,-6.311722,-2.696417,-7.626616,-6.207198,-4.6366985,-4.247116
-5.839908,-2.964056,-6.788271,-2.379191,-7.736634,-6.260631,-4.6123435,-4.732163
-5.734523,-3.679054,-6.6805695,-2.696417,-7.626616,-6.581235,-5.1301445,-4.94774
-6.366833,-2.759771,-6.9142105,-3.172255,-7.461588,-6.10033,-4.4300505,-4.732163
-4.786058,-2.964056,-6.0963185,-2.537804,-7.406579,-6.260631,-4.6123435,-4.516587
-5.523753,-3.270484,-6.4926705,-3.383739,-7.461588,-6.314065,-4.7922745,-4.247116
-4.048362,-2.657629,-5.534938,-2.85503,-7.021514,-6.527801,-4.592715,-4.139328
-4.575287,-3.576911,-5.8809145,-3.595222,-7.186542,-6.741537,-5.159224,-4.139328
-6.050678,-3.474769,-6.673619,-2.802159,-7.29656,-6.420933,-4.947851,-4.139328
-6.577604,-3.066199,-7.019596,-3.383739,-7.461588,-6.153764,-4.6099815,-4.247116
-6.472218,-3.066199,-7.2144445,-3.648093,-7.956671,-6.848405,-4.957302,-3.923751
-5.839908,-3.270484,-6.953299,-4.01819,-8.06669,-6.848405,-5.0594445,-4.462693
-5.102213,-3.883339,-6.5844515,-3.595222,-8.06669,-6.527801,-5.20557,-5.109422
-5.839908,-4.598336,-7.035813,-3.859577,-8.231718,-7.275877,-5.9371065,-4.839952
-5.839908,-4.394051,-7.008308,-4.229673,-8.176708,-6.848405,-5.621228,-5.163316
-5.629138,-3.066199,-6.710391,-3.965319,-7.791644,-6.901839,-4.984019,-4.94774
-6.682989,-4.598336,-7.567372,-3.648093,-8.451755,-6.901839,-5.7500875,-4.624375
-8.052994,-4.291909,-8.334888,-4.229673,-8.616782,-6.901839,-5.596874,-5.486681
-7.104529,-5.109049,-7.7231325,-4.176802,-8.341736,-7.115575,-6.112312,-5.001634
-8.158379,-6.743329,-8.2500575,-4.176802,-8.341736,-7.115575,-6.929452,-5.001634
-7.842224,-5.824046,-7.7619245,-5.181349,-7.681625,-7.329311,-6.5766785,-4.624375
-8.052994,-6.539044,-8.1698605,-4.969866,-8.286727,-6.794971,-6.6670075,-4.139328
-8.052994,-6.539044,-8.1324275,-4.369201,-8.211861,-7.042854,-6.790949,-4.497133
-7.842224,-5.824046,-7.7519965,-4.474943,-7.661769,-6.615382,-6.219714,-4.227663
-7.315299,-4.904764,-7.5160385,-4.84504,-7.716778,-6.348212,-5.626488,-4.281557
-7.315299,-6.232616,-7.571048,-4.950781,-7.826797,-6.882552,-6.557584,-4.012086
-7.631454,-6.334759,-7.7841345,-5.109394,-7.936815,-6.72225,-6.5285045,-4.173769
-9.21223,-5.721904,-8.8770735,-4.739298,-8.541917,-7.096288,-6.409096,-4.281557
-10.160695,-6.539044,-9.2412875,-5.479491,-8.32188,-7.310024,-6.924534,-4.389345
-8.79069,-6.436901,-8.391257,-4.950781,-7.991824,-7.25659,-6.8467455,-4.012086
-7.631454,-5.313334,-8.0041715,-5.162265,-8.376889,-6.935986,-6.12466,-4.173769
-7.104529,-6.641186,-7.7132045,-5.109394,-8.32188,-6.935986,-6.788586,-4.012086
-7.104529,-5.517619,-7.2731305,-4.950781,-7.441732,-7.042854,-6.2802365,-4.443239
-7.315299,-5.313334,-7.268497,-5.109394,-7.221695,-6.935986,-6.12466,-4.71271
-6.893759,-4.189766,-7.277764,-5.320878,-7.661769,-6.882552,-5.536159,-4.119874
-6.682989,-5.006906,-7.0623605,-4.633556,-7.441732,-6.561948,-5.784427,-4.173769
-6.156063,-5.211191,-6.6613745,-5.373749,-7.166686,-6.668816,-5.9400035,-3.904298
-4.996828,-4.087624,-5.8892245,-5.003652,-6.781621,-6.829118,-5.458371,-3.958192
-5.839908,-4.189766,-6.420783,-4.474943,-7.001658,-6.241344,-5.215555,-3.742616
-5.839908,-4.394051,-6.585811,-4.633556,-7.331714,-6.45508,-5.4245655,-3.419251
-4.996828,-3.576911,-5.779206,-5.162265,-6.561584,-6.668816,-5.1228635,-3.79651
-5.629138,-3.679054,-6.315398,-4.84504,-7.001658,-5.92074,-4.799897,-3.79651
-4.575287,-3.270484,-5.5134265,-4.739298,-6.451566,-5.760438,-4.515461,-3.79651
-3.099897,-3.576911,-4.6107035,-4.633556,-6.12151,-5.92074,-4.7488255,-3.473145
-3.521437,-3.372626,-4.656446,-4.422072,-5.791455,-5.332967,-4.3527965,-3.095886
-3.837592,-3.781196,-5.0070555,-4.422072,-6.176519,-5.279533,-4.5303645,-3.257568
-4.575287,-3.372626,-5.403408,-4.474943,-6.231529,-6.241344,-4.806985,-3.419251
-4.575287,-4.189766,-5.3483985,-4.474943,-6.12151,-6.081042,-5.135404,-3.203674
-4.891443,-3.270484,-5.699009,-4.157718,-6.506575,-6.027608,-4.649046,-3.365357
-4.891443,-3.270484,-5.699009,-4.157718,-6.506575,-6.027608,-4.649046,-3.365357
-4.153748,-2.657629,-5.137629,-4.897911,-6.12151,-5.760438,-4.2090335,-4.012086
-4.048363,-3.168342,-5.112441,-4.369202,-6.176519,-5.813872,-4.491107,-3.527039
-4.680673,-3.576912,-5.5386145,-4.633557,-6.396556,-5.279533,-4.4282225,-3.580933
-5.102213,-3.576912,-5.6943755,-4.26346,-6.286538,-5.65357,-4.615241,-3.958192
-5.839909,-2.964057,-6.1457375,-4.422073,-6.451566,-5.600136,-4.2820965,-3.904298
-5.207598,-3.576912,-5.9120955,-4.104847,-6.616593,-6.134476,-4.855694,-3.365357
-6.366834,-3.474769,-6.684246,-4.474944,-7.001658,-5.974174,-4.7244715,-3.79651
-5.839909,-5.006907,-6.4207835,-4.527815,-7.001658,-6.348212,-5.6775595,-3.850404
-6.050679,-4.700479,-6.41615,-4.580686,-6.781621,-6.401646,-5.5510625,-4.658816
-5.523754,-4.598337,-6.34522,-4.157718,-7.166686,-6.241344,-5.4198405,-3.688721
-4.364518,-3.781197,-5.188005,-4.210589,-6.011492,-5.813872,-4.7975345,-4.604922
-3.942978,-2.964057,-4.977235,-4.104847,-6.011492,-5.813872,-4.3889645,-3.634827
-4.153748,-2.657629,-5.137629,-4.527815,-6.12151,-5.172665,-3.915147,-3.365357
-3.205282,-2.861914,-4.6358915,-4.474944,-6.066501,-5.546702,-4.204308,-3.203674
-3.732208,-3.066199,-4.51429,-4.792169,-5.296372,-5.226099,-4.146149,-3.473145
-3.626823,-3.066199,-4.7366435,-4.051977,-5.846464,-5.439834,-4.2530165,-3.14978
-1.940662,-2.351202,-3.673526,-4.950782,-5.40639,-5.172665,-3.7619335,-3.203674
-1.308351,-1.738347,-3.192343,-4.580686,-5.076335,-4.798627,-3.268487,-2.503051
-0.043731,0.202361,-2.339996,-4.051977,-4.636261,-4.317721,-2.05768,-3.257568
0.061654,-0.410494,-2.0397615,-3.576138,-4.141177,-4.478023,-2.4442585,-2.018004
-0.992196,0.610931,-2.5116775,-3.840493,-4.031159,-4.050551,-1.71981,-2.934204
-0.676041,0.508788,-2.3260955,-3.68188,-3.97615,-3.997117,-1.7441645,-2.556945
-1.097581,-0.819064,-2.6743885,-3.576138,-4.251196,-4.371155,-2.5951095,-2.287474
-2.678357,-0.819064,-3.5197855,-3.417526,-4.361214,-4.264287,-2.5416755,-2.179686
-2.151432,-1.227634,-3.723902,-3.206042,-5.296372,-4.584891,-2.9062625,-2.556945
-1.519121,-0.308352,-3.1051955,-3.417526,-4.69127,-4.424589,-2.3664705,-2.23358
-0.254501,-0.512637,-2.3903715,-3.68188,-4.526242,-4.103985,-2.308311,-2.341368
1.64243,-0.716922,-1.3318875,-3.893364,-4.306205,-3.890249,-2.3035855,-2.664733
2.380126,0.917358,-0.495461,-3.1003,-3.371048,-3.783381,-1.4330115,-2.179686
3.644746,2.245211,-0.368068,-3.576138,-4.380882,-3.569646,-0.6622175,-1.964109
3.644746,2.245211,-0.368068,-3.576138,-4.380882,-3.569646,-0.6622175,-1.964109
4.698596,3.470921,-0.006171,-3.470396,-4.710938,-2.928439,0.271241,-1.58685
5.120137,3.573064,0.6996825,-3.311784,-3.720772,-2.661269,0.4558975,-0.886226
5.752447,4.492346,1.1808655,-3.258913,-3.390716,-2.768137,0.8621045,-0.724544
5.436292,4.288061,0.802751,-3.470396,-3.83079,-2.714703,0.786679,-0.239497
6.595527,4.185919,1.5198915,-2.835945,-3.555744,-2.394099,0.89591,-1.101803
6.279372,5.207344,1.499337,-2.51872,-3.280698,-2.500967,1.3531885,-0.994015
6.068602,4.594489,1.696503,-2.624462,-2.675596,-1.806325,1.394082,-0.67065
6.911683,5.513771,2.008025,-2.465849,-2.895633,-1.806325,1.853723,-0.185603
6.173987,5.207344,1.6666815,-2.465849,-2.840624,-1.59259,1.807377,0.24555
6.279372,4.900916,1.884402,-1.567043,-2.510568,-1.59259,1.654163,-0.185603
7.122453,4.492346,2.415961,-2.465849,-2.290531,-1.966627,1.2628595,0.029974
7.649378,6.433054,2.8994605,-1.725656,-1.850457,-1.165118,2.633968,0.353339
8.281688,6.228769,3.0780925,-1.302689,-2.125503,-1.485722,2.3715235,0.137762
8.492458,7.556621,3.431019,-1.725656,-1.63042,-1.32542,3.1156005,0.946174
8.492458,7.045909,3.5410375,-1.514173,-1.410383,-0.417042,3.3144335,1.377327
7.965533,6.535196,3.3600885,-0.985463,-1.245356,-0.79108,2.872058,0.568915
7.754763,6.739481,2.952153,-1.196947,-1.850457,-1.218552,2.7604645,1.592903
8.387073,6.739481,3.405831,-1.144076,-1.575411,-0.79108,2.9742005,1.107856
8.913999,7.250194,3.8618265,-0.879722,-1.190346,-0.630778,3.309708,0.568915
9.546309,8.373761,4.288,-0.456754,-0.970309,-0.684212,3.8447745,1.053962
8.703228,7.250194,3.8664595,-0.562496,-0.970309,-0.417042,3.416576,1.431221
8.070918,7.658764,3.275258,-0.139529,-1.520402,-0.630778,3.513993,1.000068
8.070918,7.352336,3.715332,-0.456754,-0.640254,-0.844514,3.253911,1.431221
8.070918,9.293044,3.8253505,-0.245271,-0.420217,-0.52391,4.384567,1.754586
8.070918,9.497329,4.100397,-0.351012,0.129876,0.010429,4.753879,1.431221
8.070918,8.782331,3.797846,-0.403883,-0.475226,0.170731,4.476531,1.377327
8.070918,9.293044,3.9628735,0.071955,-0.145171,0.331033,4.8120385,1.646798
8.070918,9.190901,4.072892,-0.1924,0.074866,0.277599,4.73425,2.024056
8.913999,8.884474,4.769479,-0.033787,0.624959,0.491335,4.6879045,2.401315
8.913999,8.884474,4.769479,-0.033787,0.624959,0.491335,4.6879045,2.401315
8.913999,8.373762,5.0170205,0.706406,1.120042,0.758505,4.5661335,3.101939
9.862465,8.578047,5.903823,0.442052,1.945181,0.758505,4.668276,3.64088
9.019384,8.884474,5.427273,0.494923,1.835162,1.292845,5.0886595,3.263621
10.073235,9.599472,6.064217,0.653535,2.055199,1.880618,5.740045,4.072033
10.17862,9.497329,6.4194605,1.182244,2.660301,1.560015,5.528672,3.910351
9.335539,10.008042,5.7228735,1.340857,2.110208,1.77375,5.890896,3.425304
9.651695,8.884474,5.798438,1.287986,1.945181,1.666883,5.2756785,3.856457
10.705545,9.905899,6.2703535,1.287986,1.835162,1.399713,5.652806,4.449292
10.916315,10.927324,6.8158125,1.605212,2.71531,1.880618,6.403971,4.449292
12.391706,10.927324,7.498499,2.08105,2.605292,1.880618,6.403971,4.55708
11.759396,11.131609,7.4023805,1.393728,3.045365,2.414958,6.7732835,5.096022
12.813246,11.744464,8.204352,1.869566,3.595458,2.521826,7.133145,4.880445
10.394022,12.561604,7.517328,1.763824,4.640634,3.376769,7.9691865,5.742751
10.499407,12.970174,7.2674695,1.763824,4.035532,3.750807,8.3604905,5.527175
11.026332,12.868032,7.585941,2.345405,4.14555,3.430203,8.1491175,6.066116
11.658643,12.868032,8.314666,2.874114,4.970689,3.964543,8.4162875,6.389481
10.815562,13.276602,7.783107,2.398275,4.750652,3.323336,8.299969,6.551163
10.918631,13.072317,7.7796325,3.032726,4.640634,3.483637,8.277977,6.551163
10.075551,12.868032,7.303083,2.874114,4.530615,3.430203,8.1491175,6.173904
10.180936,11.744464,7.02572,3.032726,3.870504,3.323336,7.5339,5.958328
11.024016,12.765889,7.1997185,3.614307,3.375421,3.430203,8.098046,5.958328
10.604792,12.561604,7.402676,3.614307,4.20056,3.483637,8.0226205,5.904433
10.604792,12.153034,7.237648,3.032726,3.870504,3.376769,7.7649015,6.173904
11.553257,11.744464,7.8494035,3.191339,4.14555,3.697373,7.7209185,6.173904
11.237102,11.948749,7.691326,3.191339,4.14555,3.643939,7.796344,6.066116
11.869412,12.868032,7.9249675,3.402823,3.980523,3.537071,8.2025515,6.281692
11.658642,12.765889,7.929601,3.772919,4.20056,3.643939,8.204914,6.173904
11.974797,12.663747,8.1426875,2.979856,4.310578,3.590505,8.127126,5.581069
10.290953,12.765889,7.135738,3.614307,3.980523,3.376769,8.071329,5.958328
10.501723,12.868032,7.3511415,3.085597,4.20056,4.124845,8.4964385,6.227798
10.501723,12.868032,7.3511415,3.085597,4.20056,4.124845,8.4964385,6.227798
10.080183,11.846607,7.1403715,3.720048,4.20056,3.750807,7.798707,6.389481
10.817878,12.357319,7.3166865,3.455693,3.815495,4.071411,8.214365,6.874528
11.134033,11.642322,7.9423425,3.508564,4.750652,4.445449,8.0438855,7.143998
11.134033,12.561604,7.997352,3.032726,4.860671,4.231713,8.3966585,6.658951
11.450189,13.378744,7.9078885,3.772919,4.365588,4.392015,8.8853795,7.090104
10.607108,13.174459,7.486348,2.979855,4.365588,4.60575,8.8901045,7.359575
11.344804,12.868032,8.267765,3.931532,5.190726,4.766052,8.817042,6.658951
13.13635,12.970174,9.0810245,3.667177,5.025699,4.659184,8.814679,6.874528
12.714809,14.298027,8.8977585,4.090144,5.080708,4.659184,9.4786055,7.521257
13.452505,13.685172,9.5416525,3.772919,5.6308,4.445449,9.0653105,7.197893
14.084815,14.298027,9.912817,3.720048,5.740819,4.712618,9.5053225,7.575151
13.452505,14.604454,9.7616895,4.037273,6.070874,4.498882,9.551668,8.006304
11.871729,14.502312,8.943797,4.301628,6.015865,5.193524,9.847918,7.521257
11.028648,12.765889,7.917155,4.301628,4.805662,5.033222,8.8995555,7.844622
11.660959,13.583029,8.6733845,3.772919,5.68581,5.14009,9.3615595,7.68294
13.241735,13.991599,9.326249,4.460241,5.410763,5.514128,9.7528635,8.060199
13.030964,14.093742,9.330882,3.931532,5.6308,5.67443,9.884086,8.221881
14.506355,14.706597,10.343624,3.878661,6.180893,5.40726,10.0569285,7.95241
14.506355,15.217309,10.5086515,4.618853,6.510948,5.727864,10.4725865,7.629046
15.665591,15.217309,10.978251,4.301628,6.290911,5.9416,10.5794545,8.922505
16.719441,15.728022,11.3951575,4.724595,6.070874,5.834732,10.781377,8.167987
17.667907,14.706597,11.8968955,4.671724,6.125884,5.888166,10.2973815,8.329669
17.562522,15.217309,11.981726,4.513112,6.40093,5.9416,10.5794545,8.706928
17.878677,14.910882,12.5523725,4.671724,7.226068,6.048468,10.479675,8.59914
18.827142,16.238734,13.1641285,4.883208,7.501115,6.529373,11.3840535,9.299763
18.089447,16.340877,12.932804,4.724595,7.776161,6.262203,11.30154,9.245869
18.089447,16.647304,12.85029,4.98895,7.611133,6.369071,11.5081875,9.784811
17.140982,16.545162,12.7611225,5.147563,8.381263,6.849977,11.6975695,9.461446
18.932528,17.362302,13.4368585,5.253304,7.941189,6.849977,12.1061395,9.784811
18.827143,17.260159,13.879249,5.411917,8.931355,6.849977,12.055068,9.946493
19.775608,18.179442,14.601023,5.464788,9.426438,7.544619,12.8620305,10.108175
21.039237,20.119188,15.2328375,5.464788,9.426438,7.544619,13.8319035,10.108175
21.776933,19.199906,15.5741805,5.411917,9.371428,7.224015,13.2119605,10.162069
21.039237,19.097763,15.095314,5.200434,9.151391,7.330883,13.214323,10.108175
20.512312,20.221331,14.9968795,5.834885,9.481447,7.384317,13.802824,10.593222
20.828467,18.995621,15.29248,5.147563,9.756493,8.132393,13.564007,9.946493
22.198473,19.404191,15.8674645,5.517659,9.536456,7.491185,13.447688,9.838704
21.566162,20.527758,15.7438415,5.200434,9.921521,7.651487,14.0896225,10.539328
21.776933,20.119188,15.9592455,5.623401,10.141558,7.972091,14.0456395,10.70101
22.830783,20.323473,16.4861705,5.517659,10.141558,8.132393,14.227933,10.539328
22.409243,20.221331,16.4679325,5.253304,10.526622,7.918657,14.069994,10.916587
21.987703,19.812761,16.367181,5.782014,10.746659,8.452996,14.1328785,10.916587
21.144622,21.038471,15.7256035,5.729143,10.306585,7.811789,14.42513,10.269857
22.725398,21.038471,16.5985055,5.729143,10.471613,8.613298,14.8258845,11.186057
21.460777,21.344898,15.8561765,5.940626,10.251576,7.972091,14.6584945,10.323752
20.090772,19.506333,14.8411185,5.411917,9.591465,7.918657,13.712495,10.808799
18.193841,19.302048,13.535093,6.15211,8.876345,7.437751,13.3698995,10.539328
17.7723,17.974196,13.296818,6.099239,8.821336,6.849977,12.4120865,9.623128
18.088456,18.484908,13.152345,5.993497,8.216234,7.330883,12.9078955,9.461446
16.823835,17.974196,12.2174835,5.464788,7.611132,6.422506,12.198351,9.51534
15.980754,17.259198,11.438383,6.15211,6.896012,6.582808,11.921003,8.706928
16.613065,17.054913,11.6170155,6.046368,6.620966,6.47594,11.7654265,9.030293
16.086139,16.748486,11.463571,5.094692,6.841003,5.995034,11.37176,8.329669
15.769984,15.727061,11.2229795,5.253304,6.675975,6.262204,10.9946325,8.221881
15.980754,16.748486,11.1908415,5.517659,6.400929,5.995034,11.37176,8.329669
17.56153,16.442058,11.9812295,5.094692,6.400929,5.620996,11.031527,8.976398
16.613065,17.259198,11.5620065,4.883208,6.510948,6.048468,11.653833,8.060198
17.13999,16.339916,11.7154505,5.623401,6.290911,5.514128,10.927022,8.86861
15.875369,16.748486,11.1656535,5.041821,6.455938,5.9416,11.345043,8.437457
15.453829,15.829203,11.092407,4.671724,6.730985,5.9416,10.8854015,7.844622
15.664599,16.442058,11.0877735,4.830337,6.510948,5.834732,11.138395,8.275775
16.086139,16.952771,11.0785065,5.094692,6.070874,5.727864,11.3403175,8.167987
15.980754,16.544201,11.383374,5.094692,6.785994,5.193524,10.8688625,7.898516
15.980754,16.544201,11.383374,5.094692,6.785994,5.193524,10.8688625,7.898516
15.980754,15.522776,11.328365,5.200434,6.675976,4.766052,10.144414,8.006304
17.13999,16.544201,12.183029,5.306175,7.226068,4.979788,10.7619945,8.006304
17.13999,16.033488,11.825469,4.830337,6.510948,5.033222,10.533355,7.95241
17.666915,16.033488,12.1439405,5.094692,6.620966,5.353826,10.693657,7.305681
16.718449,15.318491,11.3946615,5.411917,6.070874,5.14009,10.2292905,7.467363
16.402294,14.603493,11.1265655,4.618853,5.850837,4.60575,9.6046215,7.95241
15.137673,15.420633,10.4667505,5.200434,5.795828,4.60575,10.0131915,7.95241
15.453829,14.092781,10.4598005,5.411917,5.465772,4.231712,9.1622465,7.629045
16.613064,15.216348,11.1494365,4.671724,5.685809,3.911109,9.5637285,7.521257
15.980754,15.114206,10.8332815,5.253304,5.685809,4.017976,9.566091,7.790728
16.507679,13.990638,10.904212,4.513112,5.300745,4.124844,9.057741,6.497269
15.137673,14.092781,10.0816855,4.565983,5.025698,3.804241,8.948511,6.605057
14.926903,14.194923,10.2238425,5.041821,5.520782,3.643939,8.919431,6.766739
15.243059,14.501351,10.1618835,4.354499,5.080708,3.857675,9.179513,7.251787
13.978438,13.275641,9.227022,4.354499,4.475606,3.697373,8.486507,7.251787
12.608432,12.662786,8.459505,4.671724,4.310578,3.056165,7.8594755,6.173904
11.765352,12.560643,7.900442,4.460241,4.035532,3.216467,7.888555,6.551163
10.816886,12.560643,7.0136395,4.195886,3.210393,2.788995,7.674819,6.227798
9.65765,12.560643,6.103966,4.090144,2.550282,1.934052,7.2473475,5.149916
10.606116,12.764928,6.743227,4.618853,2.880338,2.254656,7.509792,4.934339
11.343811,13.786353,7.08457,3.614306,2.825329,2.094354,7.9403535,5.096022
12.503047,13.479926,7.49916,4.195886,2.495273,2.735561,8.1077435,5.20381
12.713817,14.807778,8.1546375,4.037273,3.595458,2.575259,8.6915185,5.149916
11.554581,14.705636,7.5750195,3.931532,3.595458,2.682127,8.6938815,5.257704
11.554581,13.275641,7.327478,3.772919,3.100375,1.987486,7.6315635,4.880445
11.133041,11.845646,6.59412,4.037273,2.055199,1.613448,6.729547,4.125927
10.395346,11.947788,6.060245,3.772919,1.725144,1.292844,6.620316,3.910351
10.711501,11.232791,6.2183225,3.561435,1.725144,1.453146,6.3429685,3.910351
10.395346,10.824221,5.922722,3.614306,1.450098,0.97224,5.8982305,3.694774
10.395346,10.824221,5.922722,3.614306,1.450098,0.97224,5.8982305,3.694774
9.552266,10.824221,5.446173,4.037273,1.34008,0.97224,5.8982305,3.694774
9.130725,10.722079,5.0978795,3.720048,1.065034,1.613447,6.167763,2.994151
9.44688,11.232791,5.090929,3.244209,0.734978,0.70507,5.9689305,3.048045
9.02534,10.722079,4.880159,2.926984,0.734978,1.025673,5.873876,3.048045
9.552266,11.028506,5.1711265,3.085597,0.789987,0.865372,5.946939,2.886362
9.02534,10.824221,5.0726915,3.455693,1.120043,1.346277,6.085249,3.37141
8.919955,10.415651,5.1850265,3.191338,1.450098,0.918806,5.6672285,2.72468
8.919955,10.415651,4.9649895,2.874113,1.010024,0.811938,5.6137945,2.832468
8.498415,10.313509,4.7542195,3.29708,1.010024,0.491334,5.4024215,2.778574
9.02534,10.313509,4.9901775,3.561435,0.955015,0.651636,5.4825725,2.994151
8.076875,11.232791,4.4884405,3.032726,0.900006,0.758504,5.9956475,2.616892
7.549949,9.598511,4.032445,2.874113,0.514941,0.277598,4.9380545,3.101939
7.866105,9.802796,4.273037,2.874113,0.679969,0.758504,5.28065,2.778574
7.76072,8.679229,3.890289,3.032726,0.019858,0.117296,4.3982625,2.239633
7.97149,9.598511,3.8856555,2.398275,-0.200179,0.384466,4.9914885,2.293527
8.076875,9.598511,4.2684035,2.451146,0.459932,0.224164,4.9113375,2.077951
7.76072,9.087799,3.890289,2.292533,0.019858,0.544768,4.8162835,2.670786
