B1_004,B2_006,B3_008,F_020,L1_002,M_B1,M_B2,B1_003,B2_005,L1_001,M_L1,F_019,M_F
-0.581367,-0.576747,-0.60347,-0.5791,-0.594832,-0.540853,-0.5333055,-0.500339,-0.489864,-0.4863,-0.540566,-0.493025,-0.5360625
-0.87205,-0.86512,-0.905205,-0.86865,-0.892248,-1.0614485,-1.0448905,-1.250847,-1.224661,-1.215751,-1.0539995,-1.232563,-1.0506065
-1.453417,-1.441867,-1.508674,-1.44775,-1.48708,-1.727386,-1.7006625,-2.001355,-1.959458,-1.945201,-1.7161405,-1.9721,-1.709925
-2.325467,-2.306987,-2.413879,-2.316399,-2.379328,-2.163411,-2.1332225,-2.001355,-1.959458,-1.945201,-2.1622645,-1.9721,-2.1442495
-2.616151,-2.59536,-2.715614,-2.605949,-2.676744,-2.5589225,-2.522341,-2.501694,-2.449322,-2.431502,-2.554123,-2.465126,-2.5355375
-1.744101,-1.73024,-1.810409,-1.737299,-1.784496,-2.247982,-2.2122475,-2.751863,-2.694255,-2.674652,-2.229574,-2.711638,-2.2244685
-0.87205,-0.86512,-0.905205,-0.86865,-0.892248,-1.4367025,-1.412289,-2.001355,-1.959458,-1.945201,-1.4187245,-1.9721,-1.420375
-0.581367,-0.576747,-0.60347,-0.5791,-0.594832,-1.1662765,-1.1456365,-1.751186,-1.714526,-1.702051,-1.1484415,-1.725588,-1.152344
0.872051,0.86512,0.905204,0.86865,0.892247,-0.189398,-0.1797705,-1.250847,-1.224661,-1.215751,-0.161752,-1.232563,-0.1819565
0.290684,0.288374,0.301735,0.28955,0.297415,-0.229912,-0.2232115,-0.750508,-0.734797,-0.72945,-0.2160175,-0.739537,-0.2249935
-0.581367,-0.576747,-0.60347,-0.5791,-0.594832,-0.916107,-0.900704,-1.250847,-1.224661,-1.215751,-0.9052915,-1.232563,-0.9058315
-0.581367,-0.576747,-0.60347,-0.5791,-0.594832,-1.291361,-1.2681025,-2.001355,-1.959458,-1.945201,-1.2700165,-1.9721,-1.2756
0.290684,0.288374,0.301735,0.28955,0.297415,-0.730251,-0.713076,-1.751186,-1.714526,-1.702051,-0.702318,-1.725588,-0.718019
0.290684,0.288374,0.301735,0.28955,0.297415,-0.605166,-0.5906095,-1.501016,-1.469593,-1.458901,-0.580743,-1.479075,-0.5947625
0.581367,0.576747,0.60347,0.5791,0.594831,-0.4598245,-0.446423,-1.501016,-1.469593,-1.458901,-0.432035,-1.479075,-0.4499875
0.581367,0.576747,0.60347,0.5791,0.594831,-0.5849095,-0.5688895,-1.751186,-1.714526,-1.702051,-0.55361,-1.725588,-0.573244
-0.581367,-0.576747,-0.60347,-0.5791,-0.594832,-0.916107,-0.900704,-1.250847,-1.224661,-1.215751,-0.9052915,-1.232563,-0.9058315
-1.453417,-1.441867,-1.508674,-1.44775,-1.48708,-1.727386,-1.7006625,-2.001355,-1.959458,-1.945201,-1.7161405,-1.9721,-1.709925
-1.744101,-1.73024,-1.810409,-1.737299,-1.784496,-1.7476435,-1.722383,-1.751186,-1.714526,-1.702051,-1.7432735,-1.725588,-1.7314435
-2.616151,-2.59536,-2.715614,-2.605949,-2.676744,-2.684007,-2.6448075,-2.751863,-2.694255,-2.674652,-2.675698,-2.711638,-2.6587935
-2.616151,-2.59536,-2.715614,-2.605949,-2.676744,-2.809092,-2.7672735,-3.002033,-2.939187,-2.917802,-2.797273,-2.958151,-2.78205
-2.906834,-2.883734,-3.017348,-2.895499,-2.974159,-3.079518,-3.0339265,-3.252202,-3.184119,-3.160952,-3.0675555,-3.204664,-3.0500815
-4.360252,-4.325601,-4.526023,-4.343249,-4.461239,-3.931312,-3.877326,-3.502372,-3.429051,-3.404102,-3.9326705,-3.451176,-3.8972125
-4.941618,-4.902348,-5.129492,-4.922348,-5.056071,-4.722334,-4.655564,-4.50305,-4.40878,-4.376703,-4.716387,-4.437227,-4.6797875
-4.650935,-4.613974,-4.827758,-4.632799,-4.758655,-4.702077,-4.6338435,-4.753219,-4.653713,-4.619853,-4.689254,-4.683739,-4.658269
-3.778885,-3.748854,-3.922553,-3.764149,-3.866407,-4.266052,-4.2012835,-4.753219,-4.653713,-4.619853,-4.24313,-4.683739,-4.223944
-4.069568,-3.748854,-4.224288,-3.764149,-3.866407,-5.021003,-4.640004,-5.972438,-5.531154,-5.700213,-4.78331,-5.566842,-4.6654955
-4.069568,-3.748854,-4.224288,-3.764149,-3.866407,-5.021003,-4.640004,-5.972438,-5.531154,-5.700213,-4.78331,-5.566842,-4.6654955
-4.360251,-4.037228,-4.526023,-4.053699,-4.163823,-5.1663445,-4.784191,-5.972438,-5.531154,-5.700213,-4.932018,-5.566842,-4.8102705
-5.232301,-4.902348,-5.431228,-4.922349,-5.056071,-5.852539,-5.4616835,-6.472777,-6.021019,-6.186513,-5.621292,-6.059867,-5.491108
-6.976402,-6.632588,-7.241637,-6.659648,-6.840566,-7.224928,-6.816668,-7.473454,-7.000748,-7.159114,-6.99984,-7.045918,-6.852783
-7.267086,-6.920962,-7.543372,-6.949198,-7.137982,-7.7455245,-7.328253,-8.223963,-7.735544,-7.888565,-7.5132735,-7.785456,-7.367327
-8.429819,-8.074455,-8.750311,-8.107398,-8.327646,-8.57706,-8.149932,-8.724301,-8.225409,-8.374865,-8.3512555,-8.278481,-8.1929395
-8.720503,-8.362829,-9.052046,-8.396948,-8.625062,-8.722402,-8.294119,-8.724301,-8.225409,-8.374865,-8.4999635,-8.278481,-8.3377145
-9.30187,-8.939576,-9.655516,-8.976047,-9.219894,-9.5134245,-9.072357,-9.724979,-9.205138,-9.347466,-9.28368,-9.264531,-9.120289
-10.17392,-9.804696,-10.56072,-9.844697,-10.112141,-10.199619,-9.749849,-10.225318,-9.695002,-9.833766,-9.9729535,-9.757556,-9.8011265
-10.464604,-10.093069,-10.862455,-10.134247,-10.409557,-10.720215,-10.261434,-10.975826,-10.429799,-10.563217,-10.486387,-10.497094,-10.3156705
-11.627337,-11.246563,-12.069394,-11.292447,-11.599221,-11.551751,-11.0831135,-11.476165,-10.919664,-11.049517,-11.324369,-10.990119,-11.141283
-11.918021,-11.534936,-12.371129,-11.581997,-11.896637,-11.9472625,-11.472232,-11.976504,-11.409528,-11.535817,-11.716227,-11.483145,-11.532571
-12.499388,-12.111683,-12.974599,-12.161096,-12.491468,-12.237946,-11.7606055,-11.976504,-11.409528,-11.535817,-12.0136425,-11.483145,-11.8221205
-12.790071,-12.400056,-13.276334,-12.450646,-12.788884,-12.7585415,-12.2721905,-12.727012,-12.144325,-12.265268,-12.527076,-12.222683,-12.3366645
-12.790071,-12.400056,-13.276334,-12.450646,-12.788884,-12.8836265,-12.3946565,-12.977182,-12.389257,-12.508418,-12.648651,-12.469195,-12.4599205
-12.499388,-12.111683,-12.974599,-12.161096,-12.491468,-12.9884545,-12.4954025,-13.477521,-12.879122,-12.994718,-12.743093,-12.96222,-12.561658
-11.627337,-11.246563,-12.069394,-11.292447,-11.599221,-12.3022595,-11.81791,-12.977182,-12.389257,-12.508418,-12.0538195,-12.469195,-11.880821
-11.336654,-10.958189,-11.767659,-11.002897,-11.301805,-11.9067485,-11.428791,-12.476843,-11.899393,-12.022118,-11.6619615,-11.97617,-11.4895335
-11.627337,-11.246563,-12.069394,-11.292447,-11.599221,-12.05209,-11.572978,-12.476843,-11.899393,-12.022118,-11.8106695,-11.97617,-11.6343085
-11.627337,-11.246563,-12.069394,-11.292447,-11.599221,-11.927005,-11.4505115,-12.226673,-11.65446,-11.778967,-11.689094,-11.729657,-11.511052
-11.918021,-11.534936,-12.371129,-11.581997,-11.896637,-12.3225165,-11.8396305,-12.727012,-12.144325,-12.265268,-12.0809525,-12.222683,-11.90234
-12.208704,-11.82331,-12.672864,-11.871546,-12.194053,-12.467858,-11.9838175,-12.727012,-12.144325,-12.265268,-12.2296605,-12.222683,-12.0471145
-13.080755,-12.68843,-13.578069,-12.740196,-13.0863,-13.154053,-12.6613095,-13.227351,-12.634189,-12.751568,-12.918934,-12.715708,-12.727952
-13.080755,-12.68843,-13.578069,-12.740196,-13.0863,-13.4042225,-12.906242,-13.72769,-13.124054,-13.237868,-13.162084,-13.208733,-12.9744645
-13.662122,-13.265177,-14.181538,-13.319296,-13.681132,-13.694906,-13.1946155,-13.72769,-13.124054,-13.237868,-13.4595,-13.208733,-13.2640145
-13.952805,-13.55355,-14.483273,-13.608846,-13.978548,-14.090417,-13.583734,-14.228029,-13.613918,-13.724169,-13.8513585,-13.701758,-13.655302
-13.952805,-13.55355,-14.483273,-13.608846,-13.978548,-14.090417,-13.583734,-14.228029,-13.613918,-13.724169,-13.8513585,-13.701758,-13.655302
-14.243488,-13.841923,-14.785007,-13.898395,-14.275964,-14.6110125,-14.095319,-14.978537,-14.348715,-14.453619,-14.3647915,-14.441296,-14.1698455
-14.243488,-13.841923,-14.785007,-13.898395,-14.275964,-14.4859275,-13.9728525,-14.728367,-14.103782,-14.210469,-14.2432165,-14.194783,-14.046589
-14.824855,-14.41867,-15.388477,-14.477495,-14.870796,-15.1518655,-14.6286245,-15.478876,-14.838579,-14.93992,-14.905358,-14.934321,-14.705908
-14.243488,-13.841923,-14.785007,-13.898395,-14.275964,-14.861182,-14.340251,-15.478876,-14.838579,-14.93992,-14.607942,-14.934321,-14.416358
-13.662121,-13.265176,-14.181538,-13.319296,-13.681132,-14.320329,-13.8069455,-14.978537,-14.348715,-14.453619,-14.0673755,-14.441296,-13.880296
-13.952805,-13.55355,-14.483273,-13.608846,-13.978548,-14.7158405,-14.1960645,-15.478876,-14.838579,-14.93992,-14.459234,-14.934321,-14.2715835
-13.662121,-13.265176,-14.181538,-13.319296,-13.681132,-14.320329,-13.8069455,-14.978537,-14.348715,-14.453619,-14.0673755,-14.441296,-13.880296
-13.371438,-12.976803,-13.879803,-13.029746,-13.383717,-13.924818,-13.4178265,-14.478198,-13.85885,-13.967319,-13.675518,-13.94827,-13.489008
-12.499387,-12.111683,-12.974598,-12.161096,-12.491469,-13.613877,-13.1077325,-14.728367,-14.103782,-14.210469,-13.350969,-14.194783,-13.1779395
-11.91802,-11.534936,-12.371129,-11.581996,-11.896637,-13.198109,-12.696893,-14.478198,-13.85885,-13.967319,-12.931978,-13.94827,-12.765133
-11.336654,-10.958189,-11.767659,-11.002896,-11.301805,-12.407087,-11.918655,-13.47752,-12.879121,-12.994718,-12.1482615,-12.96222,-11.982558
-11.04597,-10.669816,-11.465924,-10.713346,-11.004389,-12.0115755,-11.5295365,-12.977181,-12.389257,-12.508418,-11.7564035,-12.469195,-11.5912705
-10.17392,-9.804696,-10.56072,-9.844697,-10.112142,-11.5755505,-11.0969765,-12.977181,-12.389257,-12.508418,-11.31028,-12.469195,-11.156946
-9.883236,-9.516322,-10.258985,-9.555147,-9.814726,-11.305124,-10.830323,-12.727012,-12.144324,-12.265268,-11.039997,-12.222682,-10.8889145
-9.883236,-9.516322,-10.258985,-9.555147,-9.814726,-11.1800395,-10.707857,-12.476843,-11.899392,-12.022118,-10.918422,-11.976169,-10.765658
-9.592553,-9.227949,-9.95725,-9.265597,-9.51731,-11.034698,-10.5636705,-12.476843,-11.899392,-12.022118,-10.769714,-11.976169,-10.620883
-10.17392,-9.804696,-10.56072,-9.844697,-10.112142,-11.3253815,-10.852044,-12.476843,-11.899392,-12.022118,-11.06713,-11.976169,-10.910433
-10.464603,-10.093069,-10.862455,-10.134247,-10.409558,-11.5958075,-11.1186965,-12.727012,-12.144324,-12.265268,-11.337413,-12.222682,-11.1784645
-10.17392,-9.804696,-10.56072,-9.844697,-10.112142,-11.3253815,-10.852044,-12.476843,-11.899392,-12.022118,-11.06713,-11.976169,-10.910433
-9.592553,-9.227949,-9.95725,-9.265597,-9.51731,-11.1597825,-10.6861365,-12.727012,-12.144324,-12.265268,-10.891289,-12.222682,-10.7441395
-9.301869,-8.939575,-9.655515,-8.976047,-9.219894,-10.5141015,-10.052085,-11.726334,-11.164595,-11.292667,-10.2562805,-11.236632,-10.1063395
-9.301869,-8.939575,-9.655515,-8.976047,-9.219894,-10.6391865,-10.1745515,-11.976504,-11.409528,-11.535817,-10.3778555,-11.483144,-10.2295955
-9.011186,-8.651202,-9.35378,-8.686497,-8.922478,-10.493845,-10.030365,-11.976504,-11.409528,-11.535817,-10.2291475,-11.483144,-10.0848205
-9.301869,-8.939575,-9.655515,-8.976047,-9.219894,-10.6391865,-10.1745515,-11.976504,-11.409528,-11.535817,-10.3778555,-11.483144,-10.2295955
-9.301869,-8.939575,-9.655515,-8.976047,-9.219894,-10.5141015,-10.052085,-11.726334,-11.164595,-11.292667,-10.2562805,-11.236632,-10.1063395
-9.301869,-8.939575,-9.655515,-8.976047,-9.219894,-10.5141015,-10.052085,-11.726334,-11.164595,-11.292667,-10.2562805,-11.236632,-10.1063395
-9.011186,-8.651202,-9.35378,-8.686497,-8.922478,-10.2436755,-9.7854325,-11.476165,-10.919663,-11.049517,-9.9859975,-10.990119,-9.838308
-8.720503,-8.362829,-9.052046,-8.396947,-8.625062,-10.2234185,-9.763712,-11.726334,-11.164595,-11.292667,-9.9588645,-11.236632,-9.8167895
-8.429819,-8.074455,-8.750311,-8.107397,-8.327646,-10.0780765,-9.619525,-11.726334,-11.164595,-11.292667,-9.8101565,-11.236632,-9.6720145
-7.557769,-7.209335,-7.845106,-7.238748,-7.435399,-9.141713,-8.6971005,-10.725657,-10.184866,-10.320066,-8.8777325,-10.250581,-8.7446645
-7.557769,-7.209335,-7.845106,-7.238748,-7.435399,-9.141713,-8.6971005,-10.725657,-10.184866,-10.320066,-8.8777325,-10.250581,-8.7446645
-6.976402,-6.632588,-7.241636,-6.659648,-6.840568,-8.60086,-8.1637945,-10.225318,-9.695001,-9.833765,-8.3371665,-9.757556,-8.208602
-6.685719,-6.344214,-6.939901,-6.370098,-6.543152,-8.4555185,-8.0196075,-10.225318,-9.695001,-9.833765,-8.1884585,-9.757556,-8.063827
-5.813669,-5.479094,-6.034697,-5.501448,-5.650904,-7.769324,-7.3421155,-9.724979,-9.205137,-9.347465,-7.4991845,-9.264531,-7.3829895
-5.522985,-5.190721,-5.732962,-5.211898,-5.353488,-7.498897,-7.0754625,-9.474809,-8.960204,-9.104315,-7.2289015,-9.018018,-7.114958
-4.941618,-4.613974,-5.129492,-4.632798,-4.758656,-6.9580445,-6.542157,-8.974471,-8.47034,-8.618014,-6.688335,-8.524993,-6.5788955
-5.232302,-4.902347,-5.431227,-4.922348,-5.056072,-7.228471,-6.8088095,-9.22464,-8.715272,-8.861165,-6.9586185,-8.771506,-6.846927
-5.522985,-5.190721,-5.732962,-5.211898,-5.353488,-7.498897,-7.0754625,-9.474809,-8.960204,-9.104315,-7.2289015,-9.018018,-7.114958
-6.104352,-5.767468,-6.336431,-5.790998,-5.94832,-7.7895805,-7.363836,-9.474809,-8.960204,-9.104315,-7.5263175,-9.018018,-7.404508
-6.104352,-5.767468,-6.336431,-5.790998,-5.94832,-7.7895805,-7.363836,-9.474809,-8.960204,-9.104315,-7.5263175,-9.018018,-7.404508
-6.976402,-6.632588,-7.241636,-6.659648,-6.840568,-8.2256055,-7.796396,-9.474809,-8.960204,-9.104315,-7.9724415,-9.018018,-7.838833
-5.813669,-5.479094,-6.034697,-5.501448,-5.650904,-8.0194935,-7.5870475,-10.225318,-9.695001,-9.833765,-7.7423345,-9.757556,-7.629502
-5.232302,-4.902347,-5.431227,-4.922348,-5.056072,-7.228471,-6.8088095,-9.22464,-8.715272,-8.861165,-6.9586185,-8.771506,-6.846927
-3.778885,-3.46048,-3.922553,-3.474599,-3.568993,-6.1265085,-5.7204775,-8.474132,-7.980475,-8.131714,-5.8503535,-8.031968,-5.7532835
-3.197518,-2.883734,-3.319083,-2.895499,-2.974161,-5.5856555,-5.1871725,-7.973793,-7.490611,-7.645414,-5.3097875,-7.538943,-5.217221
-3.488201,-3.172107,-3.620818,-3.185049,-3.271577,-5.4808275,-5.0864265,-7.473454,-7.000746,-7.159113,-5.215345,-7.045918,-5.1154835
-3.197518,-2.883734,-3.319083,-2.895499,-2.974161,-5.2104015,-4.819774,-7.223285,-6.755814,-6.915963,-4.945062,-6.799405,-4.847452
-2.325467,-2.018613,-2.413878,-2.026849,-2.081913,-4.774376,-4.3872135,-7.223285,-6.755814,-6.915963,-4.498938,-6.799405,-4.413127
-2.616151,-2.306987,-2.715613,-2.316399,-2.379329,-4.919718,-4.5314005,-7.223285,-6.755814,-6.915963,-4.647646,-6.799405,-4.557902
-2.325467,-2.018613,-2.413878,-2.026849,-2.081913,-4.649291,-4.2647475,-6.973115,-6.510882,-6.672813,-4.377363,-6.552892,-4.2898705
-1.7441,-1.441867,-1.810409,-1.44775,-1.487082,-4.233523,-3.8539085,-6.722946,-6.26595,-6.429663,-3.9583725,-6.30638,-3.877065
-0.87205,-0.576746,-0.905204,-0.5791,-0.594834,-3.5473285,-3.1764155,-6.222607,-5.776085,-5.943362,-3.269098,-5.813354,-3.196227
-0.581367,-0.288373,-0.603469,-0.28955,-0.297418,-3.1518175,-2.787297,-5.722268,-5.286221,-5.457062,-2.87724,-5.320329,-2.8049395
0.581367,0.865121,0.60347,0.86865,0.892246,-2.320281,-1.9656175,-5.221929,-4.796356,-4.970762,-2.039258,-4.827304,-1.979327
1.453418,1.730241,1.508674,1.737299,1.784493,-1.258832,-0.920727,-3.971082,-3.571695,-3.755011,-0.985259,-3.594741,-0.928721
1.744101,2.018614,1.810409,2.026849,2.081909,-1.1134905,-0.7765405,-3.971082,-3.571695,-3.755011,-0.836551,-3.594741,-0.783946
1.744101,2.018614,1.810409,2.026849,2.081909,-0.988406,-0.6540745,-3.720913,-3.326763,-3.511861,-0.714976,-3.348228,-0.6606895
2.325468,2.595361,2.413879,2.605949,2.676741,-0.9478915,-0.610633,-4.221251,-3.816627,-3.998161,-0.66071,-3.841254,-0.6176525
2.034784,2.306988,2.112144,2.316399,2.379325,-0.8430645,-0.5098875,-3.720913,-3.326763,-3.511861,-0.566268,-3.348228,-0.5159145
2.034784,2.306988,2.112144,2.316399,2.379325,-0.8430645,-0.5098875,-3.720913,-3.326763,-3.511861,-0.566268,-3.348228,-0.5159145
1.7441,2.018615,1.810409,2.026849,2.081909,-0.9884065,-0.654074,-3.720913,-3.326763,-3.511861,-0.714976,-3.348228,-0.6606895
1.453417,1.730242,1.508674,1.737299,1.784493,-1.008663,-0.6757945,-3.470743,-3.081831,-3.26871,-0.7421085,-3.101716,-0.6822085
2.906834,3.172109,3.017348,3.185049,3.271572,-0.2819545,0.045139,-3.470743,-3.081831,-3.26871,0.001431,-3.101716,0.0416665
3.197518,3.460482,3.319083,3.474599,3.568988,0.113557,0.434258,-2.970404,-2.591966,-2.78241,0.393289,-2.60869,0.4329545
3.778884,4.037229,3.922553,4.053699,4.16382,0.6544095,0.9675635,-2.470065,-2.102102,-2.29611,0.933855,-2.115665,0.969017
3.778884,4.037229,3.922553,4.053699,4.16382,0.6544095,0.9675635,-2.470065,-2.102102,-2.29611,0.933855,-2.115665,0.969017
4.360251,4.613976,4.526022,4.632798,4.758652,1.320347,1.6233355,-1.719557,-1.367305,-1.566659,1.5959965,-1.376127,1.6283355
4.941618,5.190722,5.129492,5.211898,5.353484,1.736115,2.0341745,-1.469388,-1.122373,-1.323509,2.0149875,-1.129615,2.0411415
6.104352,6.344216,6.336432,6.370098,6.543147,2.317482,2.6109215,-1.469388,-1.122373,-1.323509,2.609819,-1.129615,2.6202415
7.267086,7.49771,7.543371,7.528297,7.732811,3.6493575,3.9224655,0.031629,0.347221,0.135392,3.9341015,0.349461,3.938879
7.557769,7.786083,7.845106,7.817847,8.030227,3.9197835,4.189118,0.281798,0.592153,0.378542,4.2043845,0.595973,4.20691
8.720503,8.939577,9.052045,8.976047,9.21989,4.75132,5.0107975,0.782137,1.082018,0.864843,5.0423665,1.088999,5.032523
9.011187,9.22795,9.35378,9.265597,9.517306,5.271916,5.522382,1.532645,1.816814,1.594293,5.5557995,1.828537,5.547067
9.011187,9.22795,9.35378,9.265597,9.517306,5.5220855,5.7673145,2.032984,2.306679,2.080594,5.79895,2.321562,5.7935795
8.720503,8.939577,9.052045,8.976047,9.21989,5.251659,5.500662,1.782815,2.061747,1.837443,5.5286665,2.075049,5.525548
8.720503,8.939577,9.052045,8.976047,9.21989,5.5018285,5.745594,2.283154,2.551611,2.323744,5.771817,2.568074,5.7720605
8.720503,8.939577,9.052045,8.976047,9.21989,5.626913,5.86806,2.533323,2.796543,2.566894,5.893392,2.814587,5.895317
8.139136,8.36283,8.448575,8.396947,8.625058,4.9609755,5.2122885,1.782815,2.061747,1.837443,5.2312505,2.075049,5.235998
8.720503,8.939577,9.052045,8.976047,9.21989,5.126574,5.3781955,1.532645,1.816814,1.594293,5.4070915,1.828537,5.402292
9.883237,10.09307,10.258984,10.134247,10.409554,6.333365,6.567273,2.783493,3.041476,2.810044,6.609799,3.0611,6.5976735
10.17392,10.381444,10.560719,10.423796,10.70697,6.4787065,6.71146,2.783493,3.041476,2.810044,6.758507,3.0611,6.742448
10.755287,10.95819,11.164189,11.002896,11.301802,7.2697285,7.4896975,3.78417,4.021205,3.782645,7.5422235,4.04715,7.525023
10.17392,10.381444,10.560719,10.423796,10.70697,6.7288755,6.956392,3.283831,3.53134,3.296344,7.001657,3.554125,6.9889605
9.883237,10.09307,10.258984,10.134247,10.409554,6.4584495,6.689739,3.033662,3.286408,3.053194,6.731374,3.307612,6.7209295
9.30187,9.516323,9.655515,9.555147,9.814722,6.4179355,6.6462975,3.534001,3.776272,3.539495,6.6771085,3.800637,6.677892
9.883237,10.09307,10.258984,10.134247,10.409554,6.4584495,6.689739,3.033662,3.286408,3.053194,6.731374,3.307612,6.7209295
9.30187,9.516323,9.655515,9.555147,9.814722,6.167766,6.4013655,3.033662,3.286408,3.053194,6.433958,3.307612,6.4313795
9.30187,9.516323,9.655515,9.555147,9.814722,6.167766,6.4013655,3.033662,3.286408,3.053194,6.433958,3.307612,6.4313795
9.30187,9.516323,9.655515,9.555147,9.814722,6.2928505,6.523832,3.283831,3.531341,3.296344,6.555533,3.554125,6.554636
9.592554,9.804697,9.95725,9.844697,10.112138,6.4381925,6.668019,3.283831,3.531341,3.296344,6.704241,3.554125,6.699411
8.720504,8.939576,9.052045,8.976047,9.219891,5.6269135,5.86806,2.533323,2.796544,2.566894,5.8933925,2.814587,5.895317
9.883237,10.09307,10.258985,10.134247,10.409554,6.4584495,6.689739,3.033662,3.286408,3.053194,6.731374,3.307612,6.7209295
10.755288,10.95819,11.164189,11.002896,11.301802,7.1446445,7.3672315,3.534001,3.776273,3.539494,7.420648,3.800637,7.4017665
10.755288,10.95819,11.164189,11.002896,11.301802,7.770068,7.979562,4.784848,5.000934,4.755245,8.0285235,5.0332,8.018048
12.499389,12.688431,12.974598,12.740195,13.086297,9.142457,9.334547,5.785525,5.980663,5.727846,9.4070715,6.019251,9.379723
13.662123,13.841924,14.181537,13.898395,14.275961,10.4743325,10.6460905,7.286542,7.450257,7.186747,10.731354,7.498326,10.6983605
13.952806,14.130298,14.483272,14.187945,14.573377,10.994928,11.1576755,8.03705,8.185053,7.916198,11.2447875,8.237864,11.2129045
13.662123,13.841924,14.181537,13.898395,14.275961,10.8495865,11.0134885,8.03705,8.185053,7.916198,11.0960795,8.237864,11.0681295
13.952806,14.130298,14.483272,14.187945,14.573377,11.2450975,11.402608,8.537389,8.674918,8.402498,11.4879375,8.730889,11.459417
14.24349,14.418671,14.785007,14.477494,14.870793,11.3904395,11.5467945,8.537389,8.674918,8.402498,11.6366455,8.730889,11.6041915
13.662123,13.841924,14.181537,13.898395,14.275961,11.099756,11.258421,8.537389,8.674918,8.402498,11.3392295,8.730889,11.314642
13.662123,13.841924,14.181537,13.898395,14.275961,10.9746715,11.135955,8.28722,8.429986,8.159348,11.2176545,8.484377,11.191386
13.371439,13.553551,13.879803,13.608845,13.978545,10.954414,11.1142345,8.537389,8.674918,8.402498,11.1905215,8.730889,11.169867
13.371439,13.553551,13.879803,13.608845,13.978545,11.079499,11.2367005,8.787559,8.91985,8.645648,11.3120965,8.977402,11.2931235
13.080756,13.265178,13.578068,13.319295,13.681129,10.683988,10.847582,8.28722,8.429986,8.159348,10.9202385,8.484377,10.901836
13.080756,13.265178,13.578068,13.319295,13.681129,10.683988,10.847582,8.28722,8.429986,8.159348,10.9202385,8.484377,10.901836
12.790072,12.976804,13.276333,13.029745,13.383713,10.2884765,10.4584625,7.786881,7.940121,7.673047,10.52838,7.991352,10.5105485
12.790072,12.976804,13.276333,13.029745,13.383713,10.413561,10.5809285,8.03705,8.185053,7.916198,10.6499555,8.237864,10.6338045
12.499389,12.688431,12.974598,12.740195,13.086297,10.143135,10.314276,7.786881,7.940121,7.673047,10.379672,7.991352,10.3657735
13.080756,13.265178,13.578068,13.319295,13.681129,10.683988,10.847582,8.28722,8.429986,8.159348,10.9202385,8.484377,10.901836
13.371439,13.553551,13.879803,13.608845,13.978545,10.7042445,10.869302,8.03705,8.185053,7.916198,10.9473715,8.237864,10.9233545
13.371439,13.553551,13.879803,13.608845,13.978545,11.079499,11.2367005,8.787559,8.91985,8.645648,11.3120965,8.977402,11.2931235
12.790072,12.976804,13.276333,13.029745,13.383713,10.413561,10.5809285,8.03705,8.185053,7.916198,10.6499555,8.237864,10.6338045
13.080756,13.265178,13.578068,13.319295,13.681129,10.558903,10.7251155,8.03705,8.185053,7.916198,10.7986635,8.237864,10.7785795
14.24349,14.418671,14.785007,14.477494,14.870793,11.3904395,11.5467945,8.537389,8.674918,8.402498,11.6366455,8.730889,11.6041915
14.824857,14.995418,15.388477,15.056594,15.465624,12.181462,12.3250325,9.538067,9.654647,9.375099,12.4203615,9.71694,12.386767
15.406224,15.572165,15.991946,15.635694,16.060456,12.4721455,12.613406,9.538067,9.654647,9.375099,12.7177775,9.71694,12.676317
15.406224,15.572165,15.991946,15.635694,16.060456,12.4721455,12.613406,9.538067,9.654647,9.375099,12.7177775,9.71694,12.676317
15.115541,15.283791,15.690211,15.346144,15.76304,12.451889,12.591685,9.788237,9.899579,9.618249,12.6906445,9.963453,12.6547985
14.824857,14.995418,15.388477,15.056594,15.465625,12.0563775,12.2025665,9.287898,9.409715,9.131949,12.298787,9.470428,12.263511
14.534174,14.707045,15.086742,14.767044,15.168209,11.911036,12.05838,9.287898,9.409715,9.131949,12.150079,9.470428,12.118736
14.534174,14.707045,15.086742,14.767044,15.168209,11.911036,12.05838,9.287898,9.409715,9.131949,12.150079,9.470428,12.118736
14.534174,14.707045,15.086742,14.767044,15.168209,11.785951,11.9359135,9.037728,9.164782,8.888799,12.028504,9.223915,11.9954795
15.115541,15.283791,15.690211,15.346144,15.76304,12.326804,12.469219,9.538067,9.654647,9.375099,12.5690695,9.71694,12.531542
15.406224,15.572165,15.991946,15.635694,16.060456,12.4721455,12.613406,9.538067,9.654647,9.375099,12.7177775,9.71694,12.676317
15.115541,15.283791,15.690211,15.346144,15.76304,12.451889,12.591685,9.788237,9.899579,9.618249,12.6906445,9.963453,12.6547985
15.406224,15.572165,15.991946,15.635694,16.060456,12.4721455,12.613406,9.538067,9.654647,9.375099,12.7177775,9.71694,12.676317
16.859642,17.014032,17.50062,17.083443,17.547536,13.6991935,13.824204,10.538745,10.634376,10.3477,13.947618,10.702991,13.893217
17.441008,17.590779,18.10409,17.662543,18.142368,14.3651305,14.479976,11.289253,11.369173,11.07715,14.609759,11.442529,14.552536
18.313059,18.455899,19.009295,18.531193,19.034615,14.801156,14.912536,11.289253,11.369173,11.07715,15.0558825,11.442529,14.986861
18.603742,18.744272,19.31103,18.820743,19.332031,15.196667,15.3016545,11.789592,11.859037,11.56345,15.4477405,11.935554,15.3781485
18.603742,18.744272,19.31103,18.820743,19.332031,15.571921,15.669053,12.5401,12.593834,12.292901,15.812466,12.675092,15.7479175
18.894426,19.032646,19.612764,19.110293,19.629447,15.842348,15.935706,12.79027,12.838766,12.536051,16.082749,12.921604,16.0159485
17.441008,17.590779,18.10409,17.662543,18.142368,14.8654695,14.9698405,12.289931,12.348902,12.049751,15.0960595,12.428579,15.045561
17.150325,17.302405,17.802355,17.372993,17.844952,14.344874,14.458255,11.539423,11.614105,11.3203,14.582626,11.689041,14.531017
17.150325,17.302405,17.802355,17.372993,17.844952,14.595043,14.703187,12.039761,12.103969,11.806601,14.8257765,12.182066,14.7775295
16.568958,16.725658,17.198886,16.793893,17.25012,13.804021,13.924949,11.039084,11.12424,10.834,14.04206,11.196016,13.9949545
17.150325,17.302405,17.802355,17.372993,17.844952,14.219789,14.335789,11.289253,11.369173,11.07715,14.461051,11.442529,14.407761
17.150325,17.302405,17.802355,17.372993,17.844952,14.219789,14.335789,11.289253,11.369173,11.07715,14.461051,11.442529,14.407761
17.441008,17.590779,18.10409,17.662543,18.142368,14.4902155,14.602442,11.539423,11.614105,11.3203,14.731334,11.689041,14.675792
17.731692,17.879152,18.405825,17.952093,18.439784,14.760642,14.8690945,11.789592,11.859037,11.56345,15.001617,11.935554,14.9438235
18.313059,18.455899,19.009295,18.531193,19.034615,15.0513255,15.157468,11.789592,11.859037,11.56345,15.2990325,11.935554,15.2333735
19.185109,19.321019,19.914499,19.399843,19.926863,15.8626045,15.9574265,12.5401,12.593834,12.292901,16.109882,12.675092,16.0374675
18.894426,19.032646,19.612764,19.110293,19.629447,15.717263,15.81324,12.5401,12.593834,12.292901,15.961174,12.675092,15.8926925
18.894426,19.032646,19.612764,19.110293,19.629447,15.717263,15.81324,12.5401,12.593834,12.292901,15.961174,12.675092,15.8926925
19.185109,19.321019,19.914499,19.399843,19.926863,15.8626045,15.9574265,12.5401,12.593834,12.292901,16.109882,12.675092,16.0374675
19.475793,19.609392,20.216234,19.689392,20.224279,16.258116,16.346545,13.040439,13.083698,12.779201,16.50174,13.168117,16.4287545
19.766476,19.897766,20.517969,19.978942,20.521695,16.4034575,16.490732,13.040439,13.083698,12.779201,16.650448,13.168117,16.5735295
19.766476,19.897766,22.367814,19.978942,20.521695,16.4034575,16.490732,13.040439,13.083698,12.779201,16.650448,13.168117,16.5735295
19.766476,19.897766,22.367814,19.978942,20.521695,15.778034,15.8784015,11.789592,11.859037,11.56345,16.0425725,11.935554,15.957248
19.766476,19.897766,22.367814,19.978942,20.521695,15.6529495,15.755935,11.539423,11.614104,11.3203,15.9209975,11.689041,15.8339915
19.766476,19.897766,22.367814,19.978942,22.331503,15.6529495,16.7233115,11.539423,13.548857,13.136325,17.733914,12.893589,16.4362655
18.894426,19.032645,21.462609,19.110293,21.439256,15.09184,16.168285,11.289254,13.303925,12.893175,17.1662155,12.647077,15.878685
18.603743,18.744272,21.160874,18.820743,21.14184,14.696329,15.779166,10.788915,12.81406,12.406874,16.774357,12.154051,15.487397
19.475793,19.609392,22.066079,19.689392,22.034088,15.132354,16.211726,10.788915,12.81406,12.406874,17.220481,12.154051,15.9217215
19.766476,19.897766,22.367814,19.978942,22.331503,15.2776955,16.355913,10.788915,12.81406,12.406874,17.3691885,12.154051,16.0664965
20.638527,20.762886,23.273018,20.847592,23.223751,15.9638905,17.0334055,11.289254,13.303925,12.893175,18.058463,12.647077,16.7473345
21.219894,21.339633,23.876488,21.426692,23.818583,16.629828,17.6891775,12.039762,14.038722,13.622625,18.720604,13.386614,17.406653
20.92921,21.051259,23.574753,21.137142,23.521167,16.484486,17.5449905,12.039762,14.038722,13.622625,18.571896,13.386614,17.261878
20.638527,20.762886,23.273018,20.847592,23.223751,16.3391445,17.400804,12.039762,14.038722,13.622625,18.423188,13.386614,17.117103
20.05716,20.186139,22.669549,20.268492,22.628919,16.048461,17.1124305,12.039762,14.038722,13.622625,18.125772,13.386614,16.827553
19.18511,19.321019,21.764344,19.399843,21.736672,15.3622665,16.434938,11.539423,13.548857,13.136325,17.4364985,12.893589,16.146716
18.894426,19.032645,21.462609,19.110293,21.439256,14.966755,16.045819,11.039084,13.058993,12.650024,17.04464,12.400564,15.7554285
18.894426,19.032645,21.462609,19.110293,21.439256,15.09184,16.168285,11.289254,13.303925,12.893175,17.1662155,12.647077,15.878685
18.894426,19.032645,21.462609,19.110293,21.439256,14.8416705,15.9233525,10.788915,12.81406,12.406874,16.923065,12.154051,15.632172
18.022376,18.167525,20.557405,18.241643,20.547008,14.4056455,15.4907925,10.788915,12.81406,12.406874,16.476941,12.154051,15.197847
17.441009,17.590778,19.953935,17.662543,19.952176,13.8647925,14.957487,10.288576,12.324196,11.920574,15.936375,11.661026,14.6617845
17.441009,17.590778,19.953935,17.662543,19.952176,13.614623,14.7125545,9.788237,11.834331,11.434273,15.6932245,11.168001,14.415272
16.568958,16.725658,19.048731,16.793893,19.059929,13.053513,14.1575285,9.538068,11.589399,11.191123,15.125526,10.921488,13.8576905
17.150325,17.302405,19.6522,17.372993,19.65476,13.469281,14.568368,9.788237,11.834331,11.434273,15.5445165,11.168001,14.270497
16.859642,17.014032,19.350465,17.083443,19.357345,13.3239395,14.4241815,9.788237,11.834331,11.434273,15.395809,11.168001,14.125722
15.987592,16.148911,18.445261,16.214794,18.465097,12.5126605,13.624223,9.037729,11.099535,10.704823,14.58496,10.428463,13.3216285
15.406225,15.572165,17.841791,15.635694,17.870265,12.221977,13.33585,9.037729,11.099535,10.704823,14.287544,10.428463,13.0320785
14.824858,14.995418,17.238321,15.056594,17.275433,11.5560395,12.680078,8.287221,10.364738,9.975372,13.6254025,9.688925,12.3727595
15.987592,16.148911,18.445261,16.214794,18.465097,12.3875755,13.5017565,8.787559,10.854602,10.461673,14.463385,10.18195,13.198372
15.696908,15.860538,18.143526,15.925244,18.167681,12.2422335,13.35757,8.787559,10.854602,10.461673,14.314677,10.18195,13.053597
16.278275,16.437285,18.746996,16.504344,18.762513,12.658002,13.76841,9.037729,11.099535,10.704823,14.733668,10.428463,13.4664035
15.987592,16.148911,18.445261,16.214794,18.465097,12.5126605,13.624223,9.037729,11.099535,10.704823,14.58496,10.428463,13.3216285
15.987592,16.148911,18.445261,16.214794,18.465097,12.5126605,13.624223,9.037729,11.099535,10.704823,14.58496,10.428463,13.3216285
15.987592,16.148911,18.445261,16.214794,18.465097,12.5126605,13.624223,9.037729,11.099535,10.704823,14.58496,10.428463,13.3216285
15.406225,15.572164,17.841791,15.635694,17.870265,11.9718075,13.0909175,8.53739,10.609671,10.218522,14.0443935,9.935438,12.785566
15.987592,16.148911,18.445261,16.214794,18.465097,12.3875755,13.501757,8.787559,10.854603,10.461673,14.463385,10.18195,13.198372
15.987592,16.148911,18.445261,16.214794,18.465097,12.5126605,13.624223,9.037729,11.099535,10.704823,14.58496,10.428463,13.3216285
15.987592,16.148911,18.445261,16.214794,18.465097,12.3875755,13.501757,8.787559,10.854603,10.461673,14.463385,10.18195,13.198372
16.278276,16.437284,18.746996,16.504344,18.762513,12.783087,13.890876,9.287898,11.344468,10.947973,14.855243,10.674976,13.58966
17.731693,17.879151,20.25567,17.952093,20.249593,13.759965,14.8567415,9.788237,11.834332,11.434273,15.841933,11.168001,14.560047
17.44101,17.590778,19.953935,17.662543,19.952177,13.489539,14.590089,9.538068,11.5894,11.191123,15.57165,10.921488,14.2920155
16.859643,17.014031,19.350466,17.083444,19.357345,13.32394,14.4241815,9.788237,11.834332,11.434273,15.395809,11.168001,14.1257225
16.278276,16.437284,18.746996,16.504344,18.762513,12.908172,14.013342,9.538068,11.5894,11.191123,14.976818,10.921488,13.712916
15.406225,15.572164,17.841791,15.635694,17.870265,11.9718075,13.0909175,8.53739,10.609671,10.218522,14.0443935,9.935438,12.785566
14.824858,14.995417,17.238322,15.056594,17.275434,11.681124,12.802544,8.53739,10.609671,10.218522,13.746978,9.935438,12.496016
14.534175,14.707044,16.936587,14.767044,16.978018,11.1605285,12.290959,7.786882,9.874874,9.489072,13.233545,9.1959,11.981472
14.534175,14.707044,16.936587,14.767044,16.978018,11.4106975,12.5358915,8.28722,10.364739,9.975372,13.476695,9.688925,12.2279845
14.824858,14.995417,17.238322,15.056594,17.275434,11.30587,12.4351455,7.786882,9.874874,9.489072,13.382253,9.1959,12.126247
13.662125,13.841923,16.031382,13.898395,16.08577,10.5994185,11.7359325,7.536712,9.629942,9.245922,12.665846,8.949387,11.423891
12.499391,12.68843,14.824443,12.740195,14.896106,9.5177125,10.6693215,6.536034,8.650213,8.273321,11.5847135,7.963337,10.351766
11.627341,11.82331,13.919239,11.871545,14.003859,8.956603,10.1142955,6.285865,8.405281,8.030171,11.017015,7.716824,9.7941845
11.336657,11.534936,13.617504,11.581995,13.706443,8.5610915,9.725176,5.785526,7.915416,7.54387,10.6251565,7.223799,9.402897
11.336657,11.534936,13.617504,11.581995,13.706443,8.310922,9.480244,5.285187,7.425552,7.05757,10.3820065,6.730774,9.1563845
10.75529,10.958189,13.014034,11.002896,13.111611,8.0202385,9.1918705,5.285187,7.425552,7.05757,10.0845905,6.730774,8.866835
9.592556,9.804696,11.807095,9.844696,11.921947,7.188702,8.3701915,4.784848,6.935687,6.57127,9.2466085,6.237749,8.0412225
10.464607,10.669816,12.712299,10.713346,12.814195,7.499643,8.6802855,4.534679,6.690755,6.32812,9.5711575,5.991236,8.352291
11.045974,11.246563,13.315769,11.292446,13.409027,7.915411,9.091125,4.784848,6.935687,6.57127,9.9901485,6.237749,8.7650975
11.627341,11.82331,13.919239,11.871545,14.003859,8.456264,9.624431,5.285187,7.425552,7.05757,10.5307145,6.730774,9.3011595
11.918024,12.111683,14.220973,12.161095,14.301275,8.851775,10.0135495,5.785526,7.915416,7.54387,10.9225725,7.223799,9.692447
11.045974,11.246563,13.315769,11.292446,13.409027,8.2906655,9.4585235,5.535357,7.670484,7.30072,10.3548735,6.977286,9.134866
9.88324,10.093069,12.108829,10.134246,12.219363,7.334044,8.514378,4.784848,6.935687,6.57127,9.3953165,6.237749,8.1859975
8.429823,8.651202,10.600155,8.686496,10.732284,6.357166,7.5485125,4.284509,6.445823,6.084969,8.4086265,5.744723,7.2156095
8.429823,8.651202,10.600155,8.686496,10.732284,5.7317425,6.9361815,3.033662,5.221161,4.869218,7.800751,4.51216,6.599328
8.429823,8.651202,10.600155,8.686496,10.732284,5.7317425,6.9361815,3.033662,5.221161,4.869218,7.800751,4.51216,6.599328
7.267089,7.497708,9.393216,7.528297,9.54262,5.1503755,6.3594345,3.033662,5.221161,4.869218,7.205919,4.51216,6.0202285
6.395039,6.632588,8.488012,6.659647,8.650372,4.339096,5.559476,2.283153,4.486364,4.139767,6.3950695,3.772622,5.2161345
6.685722,6.920961,8.789746,6.949197,8.947788,4.4844375,5.7036625,2.283153,4.486364,4.139767,6.5437775,3.772622,5.3609095
6.395039,6.632588,8.488012,6.659647,8.650372,3.963842,5.192078,1.532645,3.751568,3.410317,6.0303445,3.033084,4.8463655
6.395039,6.632588,8.488012,6.659647,8.650372,4.0889265,5.314544,1.782814,3.9965,3.653467,6.1519195,3.279597,4.969622
5.522988,5.767468,7.582807,5.790997,7.758125,3.5278165,4.759518,1.532645,3.751568,3.410317,5.584221,3.033084,4.4120405
5.522988,5.767468,7.582807,5.790997,7.758125,3.402732,4.6370515,1.282476,3.506635,3.167166,5.4626455,2.786572,4.2887845
4.650938,4.902347,6.677603,4.922348,6.865877,2.341283,3.5921605,0.031628,2.281974,1.951416,4.4086465,1.554009,3.2381785
4.941622,5.190721,6.979337,5.211898,7.163293,2.61171,3.8588135,0.281798,2.526906,2.194566,4.6789295,1.800521,3.5062095
4.941622,5.190721,6.979337,5.211898,7.163293,2.61171,3.8588135,0.281798,2.526906,2.194566,4.6789295,1.800521,3.5062095
4.650938,4.902347,6.677603,4.922348,6.865877,2.5914525,3.837093,0.531967,2.771839,2.437716,4.6517965,2.047034,3.484691
3.778888,4.037227,5.772398,4.053698,5.973629,1.905258,3.1596005,0.031628,2.281974,1.951416,3.9625225,1.554009,2.8038535
2.906837,3.172107,4.867193,3.185048,5.081382,1.2190635,2.4821085,-0.46871,1.79211,1.465115,3.2732485,1.060983,2.1230155
2.616154,2.883734,4.565459,2.895498,4.783966,0.6984675,1.9705235,-1.219219,1.057313,0.735665,2.7598155,0.321446,1.608472
2.616154,2.883734,4.565459,2.895498,4.783966,0.448298,1.725591,-1.719558,0.567448,0.249364,2.516665,-0.17158,1.361959
2.906837,3.172107,4.867193,3.185048,5.081382,0.5936395,1.8697775,-1.719558,0.567448,0.249364,2.665373,-0.17158,1.506734
2.906837,3.172107,4.867193,3.185048,5.081382,0.7187245,1.992244,-1.469388,0.812381,0.492515,2.7869485,0.074933,1.6299905
2.906837,3.172107,4.867193,3.185048,5.081382,0.5936395,1.8697775,-1.719558,0.567448,0.249364,2.665373,-0.17158,1.506734
2.034787,2.306987,3.961989,2.316399,4.189134,0.1576145,1.4372175,-1.719558,0.567448,0.249364,2.219249,-0.17158,1.0724095
1.45342,1.73024,3.358519,1.737299,3.594302,-0.383238,0.903912,-2.219896,0.077584,-0.236936,1.678683,-0.664605,0.536347
2.034787,2.306987,3.961989,2.316399,4.189134,-0.0925545,1.1922855,-2.219896,0.077584,-0.236936,1.976099,-0.664605,0.825897
2.32547,2.59536,4.263724,2.605948,4.48655,-0.072298,1.214006,-2.470066,-0.167348,-0.480086,2.003232,-0.911118,0.847415
1.744104,2.018613,3.660254,2.026849,3.891718,0.2624425,1.537963,-1.219219,1.057313,0.735665,2.3136915,0.321446,1.1741475
0.872053,1.153493,2.75505,1.158199,2.99947,-0.6739215,0.6155385,-2.219896,0.077584,-0.236936,1.381267,-0.664605,0.246797
0.58137,0.86512,2.453315,0.868649,2.702054,-1.1945175,0.1039535,-2.970405,-0.657213,-0.966387,0.8678335,-1.404143,-0.267747
0.290686,0.576746,2.15158,0.579099,2.404639,-1.2147745,0.0822325,-2.720235,-0.412281,-0.723236,0.8407015,-1.15763,-0.2892655
-0.872047,-0.576747,0.944641,-0.5791,1.214975,-2.5466495,-1.2293105,-4.221252,-1.881874,-2.182137,-0.483581,-2.636706,-1.607903
-1.744098,-1.441867,0.039437,-1.447749,0.322727,-2.982675,-1.6618705,-4.221252,-1.881874,-2.182137,-0.929705,-2.636706,-2.0422275
-2.325465,-2.018614,-0.564033,-2.026849,-0.272104,-3.523528,-2.195176,-4.721591,-2.371738,-2.668438,-1.470271,-3.129731,-2.57829
-3.488198,-3.172107,-1.770972,-3.185049,-1.461768,-4.480149,-3.139321,-5.4721,-3.106535,-3.397888,-2.429828,-3.869269,-3.527159
-4.069565,-3.748854,-2.374442,-3.764149,-2.0566,-5.0210015,-3.672627,-5.972438,-3.5964,-3.884189,-2.9703945,-4.362294,-4.0632215
-4.360249,-4.037228,-2.676177,-4.053698,-2.354016,-5.416513,-4.061746,-6.472777,-4.086264,-4.370489,-3.3622525,-4.855319,-4.4545085
-3.778882,-3.460481,-2.072707,-3.474599,-1.759184,-5.1258295,-3.7733725,-6.472777,-4.086264,-4.370489,-3.0648365,-4.855319,-4.164959
-4.069565,-3.748854,-2.374442,-3.764149,-2.0566,-5.5213405,-4.1624915,-6.973116,-4.576129,-4.856789,-3.4566945,-5.348345,-4.556247
-2.906831,-2.595361,-1.167502,-2.605949,-0.866936,-4.689804,-3.3408125,-6.472777,-4.086264,-4.370489,-2.6187125,-4.855319,-3.730634
-4.866549,-2.595361,-1.167502,-1.789256,-2.613498,-6.6266125,-3.856056,-8.386676,-5.116751,-4.451618,-3.532558,-4.513177,-3.1512165
-4.650932,-2.256116,-1.167502,-1.789256,-2.651431,-5.937109,-3.5385885,-7.223286,-4.821061,-5.09994,-3.8756855,-5.594857,-3.6920565
-5.813666,-3.40961,-2.374441,-2.947456,-3.841095,-6.7686455,-4.3602675,-7.723625,-5.310925,-5.58624,-4.7136675,-6.087882,-4.517669
-6.9764,-4.563103,-3.58138,-4.105656,-5.030759,-7.6001815,-5.1819465,-8.223963,-5.80079,-6.07254,-5.5516495,-6.580908,-5.343282
-6.9764,-4.563103,-3.58138,-4.105656,-5.030759,-8.1005205,-5.671811,-9.224641,-6.780519,-7.045141,-6.03795,-7.566958,-5.836307
-7.84845,-5.428223,-4.486585,-4.974305,-5.923006,-8.6616305,-6.226837,-9.474811,-7.025451,-7.288291,-6.6056485,-7.813471,-6.393888
-8.429817,-6.00497,-5.090054,-5.553405,-6.517838,-9.0773985,-6.6376765,-9.72498,-7.270383,-7.531441,-7.0246395,-8.059983,-6.806694
-8.720501,-6.293344,-5.391789,-5.842955,-6.815254,-9.347825,-6.90433,-9.975149,-7.515316,-7.774592,-7.294923,-8.306496,-7.0747255
-9.301867,-6.87009,-5.995259,-6.422055,-7.410086,-10.0137625,-7.560101,-10.725658,-8.250112,-8.504042,-7.957064,-9.046034,-7.7340445
-8.720501,-6.293344,-5.391789,-5.842955,-6.815254,-9.7230795,-7.271728,-10.725658,-8.250112,-8.504042,-7.659648,-9.046034,-7.4444945
-7.84845,-5.428223,-4.486585,-4.974305,-5.923006,-9.4121385,-6.961634,-10.975827,-8.495045,-8.747192,-7.335099,-9.292546,-7.1334255
-7.267083,-4.851477,-3.883115,-4.395205,-5.328175,-8.8712855,-6.4283285,-10.475488,-8.00518,-8.260892,-6.7945335,-8.799521,-6.597363
-6.685716,-4.27473,-3.279645,-3.816106,-4.733343,-8.205348,-5.7725565,-9.72498,-7.270383,-7.531441,-6.132392,-8.059983,-5.9380445
-6.9764,-4.563103,-3.58138,-4.105656,-5.030759,-8.35069,-5.916743,-9.72498,-7.270383,-7.531441,-6.2811,-8.059983,-6.0828195
-7.557767,-5.13985,-4.18485,-4.684755,-5.62559,-8.891543,-6.450049,-10.225319,-7.760248,-8.017742,-6.821666,-8.553009,-6.618882
-6.9764,-4.563103,-3.58138,-4.105656,-5.030759,-8.4757745,-6.0392095,-9.975149,-7.515316,-7.774592,-6.4026755,-8.306496,-6.206076
-7.267083,-4.851477,-3.883115,-4.395205,-5.328175,-8.4960315,-6.06093,-9.72498,-7.270383,-7.531441,-6.429808,-8.059983,-6.227594
-7.557767,-5.13985,-4.18485,-4.684755,-5.62559,-8.891543,-6.450049,-10.225319,-7.760248,-8.017742,-6.821666,-8.553009,-6.618882
-7.557767,-5.13985,-4.18485,-4.684755,-5.62559,-8.891543,-6.450049,-10.225319,-7.760248,-8.017742,-6.821666,-8.553009,-6.618882
-7.267083,-4.851477,-3.883115,-4.395205,-5.328175,-8.746201,-6.3058625,-10.225319,-7.760248,-8.017742,-6.6729585,-8.553009,-6.474107
-7.84845,-5.428223,-4.486585,-4.974305,-5.923006,-9.0368845,-6.5942355,-10.225319,-7.760248,-8.017742,-6.970374,-8.553009,-6.763657
-7.84845,-5.428223,-4.486585,-4.974305,-5.923006,-9.0368845,-6.5942355,-10.225319,-7.760248,-8.017742,-6.970374,-8.553009,-6.763657
-7.84845,-5.428223,-4.486585,-4.974305,-5.923006,-9.0368845,-6.5942355,-10.225319,-7.760248,-8.017742,-6.970374,-8.553009,-6.763657
-8.139134,-5.716596,-4.788319,-5.263855,-6.220422,-9.1822265,-6.738422,-10.225319,-7.760248,-8.017742,-7.119082,-8.553009,-6.908432
-7.84845,-5.428223,-4.486585,-4.974305,-5.923006,-9.287054,-6.8391675,-10.725658,-8.250112,-8.504042,-7.213524,-9.046034,-7.0101695
-8.429817,-6.00497,-5.090054,-5.553405,-6.517838,-9.5777375,-7.127541,-10.725658,-8.250112,-8.504042,-7.51094,-9.046034,-7.2997195
-9.011184,-6.581717,-5.693524,-6.132505,-7.11267,-10.1185905,-7.660847,-11.225997,-8.739977,-8.990343,-8.0515065,-9.539059,-7.835782
-9.011184,-6.581717,-5.693524,-6.132505,-7.11267,-10.243675,-7.783313,-11.476166,-8.984909,-9.233493,-8.1730815,-9.785572,-7.9590385
-9.011184,-6.581717,-5.693524,-6.132505,-7.11267,-9.9935055,-7.5383805,-10.975827,-8.495044,-8.747192,-7.929931,-9.292546,-7.7125255
-9.011184,-6.581717,-5.693524,-6.132505,-7.11267,-10.1185905,-7.660847,-11.225997,-8.739977,-8.990343,-8.0515065,-9.539059,-7.835782
-9.592551,-7.158463,-6.296994,-6.711605,-7.707502,-10.409274,-7.94922,-11.225997,-8.739977,-8.990343,-8.3489225,-9.539059,-8.125332
-9.883234,-7.446837,-6.598728,-7.001155,-8.004918,-10.6797,-8.215873,-11.476166,-8.984909,-9.233493,-8.6192055,-9.785572,-8.3933635
-10.173918,-7.73521,-6.900463,-7.290705,-8.302334,-10.825042,-8.3600595,-11.476166,-8.984909,-9.233493,-8.7679135,-9.785572,-8.5381385
-10.464601,-8.023584,-7.202198,-7.580254,-8.599749,-11.4707225,-8.994111,-12.476844,-9.964638,-10.206093,-9.402921,-10.771622,-9.175938
-11.045968,-8.60033,-7.805668,-8.159354,-9.194581,-11.761406,-9.282484,-12.476844,-9.964638,-10.206093,-9.700337,-10.771622,-9.465488
-11.045968,-8.60033,-7.805668,-8.159354,-9.194581,-11.8864905,-9.40495,-12.727013,-10.20957,-10.449244,-9.8219125,-11.018135,-9.5887445
-10.755285,-8.311957,-7.503933,-7.869804,-8.897165,-11.741149,-9.2607635,-12.727013,-10.20957,-10.449244,-9.6732045,-11.018135,-9.4439695
-10.464601,-8.023584,-7.202198,-7.580254,-8.599749,-11.345638,-8.871645,-12.226675,-9.719706,-9.962943,-9.281346,-10.525109,-9.0526815
-10.755285,-8.311957,-7.503933,-7.869804,-8.897165,-11.6160645,-9.1382975,-12.476844,-9.964638,-10.206093,-9.551629,-10.771622,-9.320713
-11.336652,-8.888704,-8.107403,-8.448904,-9.491997,-12.1569175,-9.671603,-12.977183,-10.454502,-10.692394,-10.0921955,-11.264647,-9.8567755
-11.918019,-9.465451,-8.710872,-9.028004,-10.086829,-12.447601,-9.9599765,-12.977183,-10.454502,-10.692394,-10.3896115,-11.264647,-10.1463255
-12.790069,-10.330571,-9.616077,-9.896654,-10.979077,-12.883626,-10.3925365,-12.977183,-10.454502,-10.692394,-10.8357355,-11.264647,-10.5806505
-13.080752,-10.618944,-9.917812,-10.186204,-11.276492,-13.4042215,-10.9041215,-13.727691,-11.189299,-11.421844,-11.349168,-12.004185,-11.0951945
-13.371436,-10.907318,-10.219547,-10.475753,-11.573908,-13.5495635,-11.0483085,-13.727691,-11.189299,-11.421844,-11.497876,-12.004185,-11.239969
-13.371436,-10.907318,-10.219547,-10.475753,-11.573908,-13.799733,-11.293241,-14.22803,-11.679164,-11.908145,-11.7410265,-12.49721,-11.4864815
-13.080752,-10.618944,-9.917812,-10.186204,-11.276492,-13.654391,-11.149054,-14.22803,-11.679164,-11.908145,-11.5923185,-12.49721,-11.341707
-13.080752,-10.618944,-9.917812,-10.186204,-11.276492,-13.654391,-11.149054,-14.22803,-11.679164,-11.908145,-11.5923185,-12.49721,-11.341707
-13.662119,-11.195691,-10.521281,-10.765303,-11.871324,-14.195244,-11.6823595,-14.728369,-12.169028,-12.394445,-12.1328845,-12.990236,-11.8777695
-13.662119,-11.195691,-10.521281,-10.765303,-11.871324,-14.195244,-11.6823595,-14.728369,-12.169028,-12.394445,-12.1328845,-12.990236,-11.8777695
-14.824853,-12.349185,-11.728221,-11.923503,-13.060988,-15.0267805,-12.504039,-15.228708,-12.658893,-12.880745,-12.9708665,-13.483261,-12.703382
-15.115537,-12.637558,-12.029956,-12.213053,-13.358404,-15.422292,-12.8931575,-15.729047,-13.148757,-13.367046,-13.362725,-13.976286,-13.0946695
-15.696903,-13.214305,-12.633425,-12.792153,-13.953236,-15.9631445,-13.4264635,-16.229386,-13.638622,-13.853346,-13.903291,-14.469311,-13.630732
-16.859637,-14.367798,-13.840365,-13.950352,-15.142899,-16.9197655,-14.370608,-16.979894,-14.373418,-14.582797,-14.862848,-15.208849,-14.5796005
-17.150321,-14.656172,-14.142099,-14.239902,-15.440315,-17.4403615,-14.8821935,-17.730402,-15.108215,-15.312247,-15.376281,-15.948387,-15.0941445
-17.150321,-14.656172,-14.142099,-14.239902,-15.440315,-17.4403615,-14.8821935,-17.730402,-15.108215,-15.312247,-15.376281,-15.948387,-15.0941445
-17.150321,-14.656172,-14.142099,-14.239902,-15.440315,-17.4403615,-14.8821935,-17.730402,-15.108215,-15.312247,-15.376281,-15.948387,-15.0941445
-17.441005,-14.944546,-14.443833,-14.529452,-15.737731,-17.335534,-14.7814485,-17.230063,-14.618351,-14.825947,-15.281839,-15.455362,-14.992407
-17.150321,-14.656172,-14.142099,-14.239902,-15.440315,-17.3152765,-14.7597275,-17.480232,-14.863283,-15.069097,-15.254706,-15.701874,-14.970888
-17.150321,-14.656172,-14.142099,-14.239902,-15.440315,-17.190192,-14.6372615,-17.230063,-14.618351,-14.825947,-15.133131,-15.455362,-14.847632
-17.150321,-14.656172,-14.142099,-14.239902,-15.440315,-17.4403615,-14.8821935,-17.730402,-15.108215,-15.312247,-15.376281,-15.948387,-15.0941445
-17.150321,-14.656172,-14.142099,-14.239902,-15.440315,-17.3152765,-14.7597275,-17.480232,-14.863283,-15.069097,-15.254706,-15.701874,-14.970888
-17.731688,-15.232919,-14.745568,-14.819002,-16.035147,-17.60596,-15.048101,-17.480232,-14.863283,-15.069097,-15.552122,-15.701874,-15.260438
-18.603739,-16.098039,-15.650773,-15.687652,-16.927395,-18.41724,-15.8480595,-18.230741,-15.59808,-15.798548,-16.3629715,-16.441412,-16.064532
-19.185106,-16.674786,-16.254242,-16.266752,-17.522226,-18.9580925,-16.381365,-18.731079,-16.087944,-16.284848,-16.903537,-16.934437,-16.6005945
-19.475789,-16.96316,-16.555977,-16.556301,-17.819642,-19.4786885,-16.8929505,-19.481588,-16.822741,-17.014299,-17.4169705,-17.673975,-17.115138
-18.022372,-15.521293,-15.047303,-15.108552,-16.332563,-18.251641,-15.6821525,-18.48091,-15.843012,-16.041698,-16.1871305,-16.687925,-15.8982385
-18.603739,-16.098039,-15.650773,-15.687652,-16.927395,-18.667409,-16.0929915,-18.731079,-16.087944,-16.284848,-16.6061215,-16.934437,-16.3110445
-18.603739,-16.098039,-15.650773,-15.687652,-16.927395,-18.667409,-16.0929915,-18.731079,-16.087944,-16.284848,-16.6061215,-16.934437,-16.3110445
-18.603739,-16.098039,-15.650773,-15.687652,-16.927395,-18.5423245,-15.9705255,-18.48091,-15.843012,-16.041698,-16.4845465,-16.687925,-16.1877885
-17.441005,-14.944546,-14.443833,-14.529452,-15.737731,-17.835873,-15.271313,-18.230741,-15.59808,-15.798548,-15.7681395,-16.441412,-15.485432
-15.987588,-13.502679,-12.935159,-13.081703,-14.250652,-16.73391,-14.182981,-17.480232,-14.863283,-15.069097,-14.6598745,-15.701874,-14.3917885
-15.406221,-12.925932,-12.331689,-12.502603,-13.65582,-16.0679725,-13.527209,-16.729724,-14.128486,-14.339647,-13.9977335,-14.962336,-13.7324695
-14.53417,-12.060812,-11.426485,-11.633953,-12.763572,-15.131608,-12.6047845,-15.729046,-13.148757,-13.367046,-13.065309,-13.976286,-12.8051195
-14.243487,-11.772438,-11.12475,-11.344403,-12.466156,-14.9862665,-12.4605975,-15.729046,-13.148757,-13.367046,-12.916601,-13.976286,-12.6603445
-13.080753,-10.618945,-9.917811,-10.186204,-11.276493,-14.0296455,-11.516453,-14.978538,-12.413961,-12.637596,-11.9570445,-13.236748,-11.711476
-12.79007,-10.330571,-9.616076,-9.896654,-10.979077,-13.50905,-11.0048675,-14.22803,-11.679164,-11.908145,-11.443611,-12.49721,-11.196932
-12.79007,-10.330571,-9.616076,-9.896654,-10.979077,-13.2588805,-10.759935,-13.727691,-11.189299,-11.421845,-11.200461,-12.004185,-10.9504195
-12.208703,-9.753825,-9.012606,-9.317554,-10.384245,-13.2183665,-10.7164945,-14.22803,-11.679164,-11.908145,-11.146195,-12.49721,-10.907382
-12.79007,-10.330571,-9.616076,-9.896654,-10.979077,-13.2588805,-10.759935,-13.727691,-11.189299,-11.421845,-11.200461,-12.004185,-10.9504195
-13.080753,-10.618945,-9.917811,-10.186204,-11.276493,-13.404222,-10.904122,-13.727691,-11.189299,-11.421845,-11.349169,-12.004185,-11.0951945
-13.371437,-10.907318,-10.219546,-10.475753,-11.573908,-13.7997335,-11.293241,-14.22803,-11.679164,-11.908145,-11.7410265,-12.49721,-11.4864815
-13.080753,-10.618945,-9.917811,-10.186204,-11.276493,-13.5293065,-11.0265885,-13.97786,-11.434232,-11.664995,-11.470744,-12.250698,-11.218451
-12.208703,-9.753825,-9.012606,-9.317554,-10.384245,-12.7180275,-10.22663,-13.227352,-10.699435,-10.935544,-10.6598945,-11.51116,-10.414357
-12.499386,-10.042198,-9.314341,-9.607104,-10.681661,-13.1135385,-10.6157485,-13.727691,-11.189299,-11.421845,-11.051753,-12.004185,-10.8056445
-12.499386,-10.042198,-9.314341,-9.607104,-10.681661,-13.1135385,-10.6157485,-13.727691,-11.189299,-11.421845,-11.051753,-12.004185,-10.8056445
-12.499386,-10.042198,-9.314341,-9.607104,-10.681661,-12.863369,-10.3708165,-13.227352,-10.699435,-10.935544,-10.8086025,-11.51116,-10.559132
-12.208703,-9.753825,-9.012606,-9.317554,-10.384245,-12.7180275,-10.22663,-13.227352,-10.699435,-10.935544,-10.6598945,-11.51116,-10.414357
-12.208703,-9.753825,-9.012606,-9.317554,-10.384245,-12.7180275,-10.22663,-13.227352,-10.699435,-10.935544,-10.6598945,-11.51116,-10.414357
-12.208703,-9.753825,-9.012606,-9.317554,-10.384245,-12.7180275,-10.22663,-13.227352,-10.699435,-10.935544,-10.6598945,-11.51116,-10.414357
-11.918019,-9.465452,-8.710872,-9.028004,-10.086829,-12.5726855,-10.0824435,-13.227352,-10.699435,-10.935544,-10.5111865,-11.51116,-10.269582
-11.336652,-8.888705,-8.107402,-8.448904,-9.491998,-12.282002,-9.79407,-13.227352,-10.699435,-10.935544,-10.213771,-11.51116,-9.980032
-11.336652,-8.888705,-8.107402,-8.448904,-9.491998,-12.0318325,-9.5491375,-12.727013,-10.20957,-10.449243,-9.9706205,-11.018135,-9.7335195
-11.045969,-8.600332,-7.805667,-8.159354,-9.194582,-12.1366605,-9.6498835,-13.227352,-10.699435,-10.935544,-10.065063,-11.51116,-9.835257
-10.755285,-8.311958,-7.503932,-7.869804,-8.897166,-11.4909795,-9.015832,-12.226674,-9.719706,-9.962943,-9.4300545,-10.52511,-9.197457
-9.883235,-7.446838,-6.598728,-7.001154,-8.004918,-11.0549545,-8.583272,-12.226674,-9.719706,-9.962943,-8.9839305,-10.52511,-8.763132
-9.592552,-7.158465,-6.296993,-6.711604,-7.707502,-10.6594435,-8.194153,-11.726335,-9.229841,-9.476642,-8.592072,-10.032085,-8.3718445
-9.883235,-7.446838,-6.598728,-7.001154,-8.004918,-10.6797005,-8.2158735,-11.476166,-8.984909,-9.233492,-8.619205,-9.785572,-8.393363
-9.592552,-7.158465,-6.296993,-6.711604,-7.707502,-10.909613,-8.4390855,-12.226674,-9.719706,-9.962943,-8.8352225,-10.52511,-8.618357
-9.301868,-6.870091,-5.995258,-6.422055,-7.410086,-10.389017,-7.9275,-11.476166,-8.984909,-9.233492,-8.321789,-9.785572,-8.1038135
-9.011185,-6.581718,-5.693523,-6.132505,-7.11267,-9.993506,-7.5383815,-10.975827,-8.495045,-8.747192,-7.929931,-9.292547,-7.712526
-8.720501,-6.293344,-5.391788,-5.842955,-6.815255,-9.9732485,-7.5166605,-11.225996,-8.739977,-8.990342,-7.9027985,-9.539059,-7.691007
-9.011185,-6.581718,-5.693523,-6.132505,-7.11267,-9.993506,-7.5383815,-10.975827,-8.495045,-8.747192,-7.929931,-9.292547,-7.712526
-8.429818,-6.004971,-5.090053,-5.553405,-6.517839,-9.7028225,-7.250008,-10.975827,-8.495045,-8.747192,-7.6325155,-9.292547,-7.422976
-7.848451,-5.428224,-4.486584,-4.974305,-5.923007,-9.036885,-6.594236,-10.225319,-7.760248,-8.017741,-6.970374,-8.553009,-6.763657
-6.976401,-4.563104,-3.581379,-4.105655,-5.030759,-8.3506905,-5.9167435,-9.72498,-7.270383,-7.531441,-6.2811,-8.059984,-6.0828195
-5.522983,-3.121237,-2.072705,-2.657906,-3.54368,-7.373812,-4.950878,-9.224641,-6.780519,-7.045141,-5.2944105,-7.566958,-5.112432
-4.36025,-1.967743,-0.865766,-1.499706,-2.354016,-5.9168525,-3.516868,-7.473455,-5.065993,-5.343089,-3.8485525,-5.84137,-3.670538
-4.36025,-1.967743,-0.865766,-1.499706,-2.354016,-5.541598,-3.1494695,-6.722946,-4.331196,-4.613639,-3.4838275,-5.101832,-3.300769
-5.2323,-2.832864,-1.77097,-2.368356,-3.246264,-6.2277925,-3.8269625,-7.223285,-4.821061,-5.099939,-4.1731015,-5.594858,-3.981607
-5.522983,-3.121237,-2.072705,-2.657906,-3.54368,-6.6233035,-4.216081,-7.723624,-5.310925,-5.58624,-4.56496,-6.087883,-4.3728945
-6.685717,-4.274731,-3.279644,-3.816105,-4.733343,-7.7050095,-5.2826925,-8.724302,-6.290654,-6.55884,-5.6460915,-7.073933,-5.445019
-5.522983,-3.121237,-2.072705,-2.657906,-3.54368,-6.998558,-4.5834795,-8.474133,-6.045722,-6.31569,-4.929685,-6.827421,-4.7426635
-4.36025,-1.967743,-0.865766,-1.499706,-2.354016,-6.167022,-3.7618005,-7.973794,-5.555858,-5.82939,-4.091703,-6.334395,-3.9170505
-2.906832,-0.525876,0.642909,-0.051957,-0.866937,-4.814889,-2.428536,-6.722946,-4.331196,-4.613639,-2.740288,-5.101832,-2.5768945
-3.488199,-1.102623,0.039439,-0.631056,-1.461768,-5.1055725,-2.7169095,-6.722946,-4.331196,-4.613639,-3.0377035,-5.101832,-2.866444
-3.197516,-0.81425,0.341174,-0.341507,-1.164353,-4.710062,-2.327791,-6.222608,-3.841332,-4.127339,-2.645846,-4.608807,-2.475157
-2.325465,0.05087,1.246378,0.527143,-0.272105,-3.898782,-1.5278325,-5.472099,-3.106535,-3.397888,-1.8349965,-3.869269,-1.671063
-2.325465,0.05087,1.246378,0.527143,-0.272105,-3.898782,-1.5278325,-5.472099,-3.106535,-3.397888,-1.8349965,-3.869269,-1.671063
-2.034782,0.339243,1.548113,0.816693,0.025311,-3.628356,-1.2611795,-5.22193,-2.861602,-3.154737,-1.564713,-3.622757,-1.403032
-1.744098,0.627616,1.849848,1.106242,0.322727,-3.6080985,-1.2394595,-5.472099,-3.106535,-3.397888,-1.5375805,-3.869269,-1.3815135
-2.034782,0.339243,1.548113,0.816693,0.025311,-3.503271,-1.1387135,-4.97176,-2.61667,-2.911587,-1.443138,-3.376244,-1.2797755
-1.162732,1.204363,2.453317,1.685342,0.917558,-2.8170765,-0.4612215,-4.471421,-2.126806,-2.425287,-0.7538645,-2.883219,-0.5989385
-1.162732,1.204363,2.453317,1.685342,0.917558,-2.9421615,-0.5836875,-4.721591,-2.371738,-2.668437,-0.8754395,-3.129731,-0.7221945
-1.162732,1.204363,2.453317,1.685342,0.917558,-2.8170765,-0.4612215,-4.471421,-2.126806,-2.425287,-0.7538645,-2.883219,-0.5989385
-1.453415,0.91599,2.151582,1.395792,0.620142,-3.2125875,-0.85034,-4.97176,-2.61667,-2.911587,-1.1457225,-3.376244,-0.990226
-0.290681,2.069483,3.358522,2.553992,1.809806,-2.130882,0.216271,-3.971083,-1.636941,-1.938986,-0.06459,-2.390194,0.081899
-0.872048,1.492737,2.755052,1.974892,1.214974,-2.54665,-0.194568,-4.221252,-1.881873,-2.182137,-0.4835815,-2.636706,-0.330907
-1.162732,1.204363,2.453317,1.685342,0.917558,-2.691992,-0.338755,-4.221252,-1.881873,-2.182137,-0.6322895,-2.636706,-0.475682
-0.872048,1.492737,2.755052,1.974892,1.214974,-2.54665,-0.194568,-4.221252,-1.881873,-2.182137,-0.4835815,-2.636706,-0.330907
-0.581365,1.78111,3.056787,2.264442,1.51239,-2.151139,0.1945505,-3.720913,-1.392009,-1.695836,-0.091723,-2.143681,0.0603805
0.290686,2.64623,3.961991,3.133092,2.404638,-1.3398595,0.994509,-2.970405,-0.657212,-0.966386,0.719126,-1.404143,0.8644745
0.581369,2.934604,4.263726,3.422642,2.702054,-1.3196025,1.01623,-3.220574,-0.902144,-1.209536,0.746259,-1.650656,0.885993
1.45342,3.799724,5.168931,4.291291,3.594301,-0.508323,1.816188,-2.470066,-0.167348,-0.480085,1.557108,-0.911118,1.6900865
1.45342,3.799724,5.168931,4.291291,3.594301,-0.2581535,2.0611205,-1.969727,0.322517,0.006215,1.800258,-0.418093,1.936599
1.162736,3.51135,4.867196,4.001741,3.296885,-0.653665,1.672001,-2.470066,-0.167348,-0.480085,1.4084,-0.911118,1.5453115
1.744103,4.088097,5.470666,4.580841,3.891717,-0.3629815,1.9603745,-2.470066,-0.167348,-0.480085,1.705816,-0.911118,1.8348615
2.32547,4.664844,6.074135,5.159941,4.486549,0.428041,2.7386125,-1.469388,0.812381,0.492515,2.489532,0.074932,2.6174365
