B1_004,B2_006,B3_008,B6_014,B7_016,F_020,L1_002,L2_018,M_B1,M_B2,M_B3,M_B6,M_L1,M_L2,B1_003,B2_005,B3_007,B6_013,F_019,L1_001,L2_017,M_F
-0.566085,-0.585997,-0.551753,-0.602599,-0.603665,-0.599697,-0.585469,-0.585455,-0.446827,-0.4561265,-0.440805,-0.468641,-0.458106,-0.4620895,-0.327569,-0.326256,-0.329857,-0.334683,-0.339334,-0.330743,-0.338724,-0.4695155
-0.849128,-0.878996,-0.827629,-0.903899,-0.905498,-0.899545,-0.878203,-0.878183,-0.8340245,-0.847318,-0.8261365,-0.8703035,-0.8525305,-0.862497,-0.818921,-0.81564,-0.824644,-0.836708,-0.848335,-0.826858,-0.846811,-0.87394
-1.415213,-1.464994,-1.379382,-1.506498,-1.509163,-1.499241,-1.463672,-1.463638,-1.362743,-1.3850095,-1.349406,-1.4226155,-1.3933225,-1.4092675,-1.310273,-1.305025,-1.31943,-1.338733,-1.357336,-1.322973,-1.354897,-1.4282885
-2.264341,-2.34399,-2.207011,-2.410397,-2.414661,-2.398786,-2.341876,-2.341821,-1.787307,-1.8245075,-1.7632205,-1.874565,-1.8324245,-1.848359,-1.310273,-1.305025,-1.31943,-1.338733,-1.357336,-1.322973,-1.354897,-1.878061
-2.547383,-2.636989,-2.482887,-2.711697,-2.716494,-2.698635,-2.63461,-2.634549,-2.0926125,-2.134135,-2.066087,-2.1925565,-2.1441635,-2.164085,-1.637842,-1.631281,-1.649287,-1.673416,-1.69667,-1.653717,-1.693621,-2.1976525
-1.698256,-1.757993,-1.655258,-1.807798,-1.810996,-1.79909,-1.756407,-1.756366,-1.749941,-1.776201,-1.734737,-1.8242775,-1.7877475,-1.8096745,-1.801626,-1.794409,-1.814216,-1.840757,-1.866337,-1.819088,-1.862983,-1.8327135
-0.849128,-0.878996,-0.827629,-0.903899,-0.905498,-0.899545,-0.878203,-0.878183,-1.0797005,-1.0920105,-1.0735295,-1.121316,-1.100588,-1.11654,-1.310273,-1.305025,-1.31943,-1.338733,-1.357336,-1.322973,-1.354897,-1.1284405
-0.566085,-0.585997,-0.551753,-0.602599,-0.603665,-0.599697,-0.585469,-0.585455,-0.856287,-0.863947,-0.853127,-0.886995,-0.8715355,-0.885495,-1.146489,-1.141897,-1.154501,-1.171391,-1.187669,-1.157602,-1.185535,-0.893683
0.849128,0.878997,0.827629,0.903899,0.905498,0.899545,0.878204,0.878183,0.0151035,0.0316785,0.0014925,0.0335955,0.025673,0.015686,-0.818921,-0.81564,-0.824644,-0.836708,-0.848335,-0.826858,-0.846811,0.025605
0.283042,0.292999,0.275876,0.301299,0.301833,0.299848,0.292735,0.292727,-0.1041555,-0.0981925,-0.109455,-0.1003625,-0.10169,-0.1076795,-0.491353,-0.489384,-0.494786,-0.502024,-0.509001,-0.496115,-0.508086,-0.1045765
-0.566085,-0.585997,-0.551753,-0.602599,-0.603665,-0.599697,-0.585469,-0.585455,-0.692503,-0.7008185,-0.6881985,-0.7196535,-0.7061635,-0.716133,-0.818921,-0.81564,-0.824644,-0.836708,-0.848335,-0.826858,-0.846811,-0.724016
-0.566085,-0.585997,-0.551753,-0.602599,-0.603665,-0.599697,-0.585469,-0.585455,-0.938179,-0.945511,-0.9355915,-0.970666,-0.954221,-0.970176,-1.310273,-1.305025,-1.31943,-1.338733,-1.357336,-1.322973,-1.354897,-0.9785165
0.283042,0.292999,0.275876,0.301299,0.301833,0.299848,0.292735,0.292727,-0.4317235,-0.424449,-0.4393125,-0.435046,-0.4324335,-0.446404,-1.146489,-1.141897,-1.154501,-1.171391,-1.187669,-1.157602,-1.185535,-0.4439105
0.283042,0.292999,0.275876,0.301299,0.301833,0.299848,0.292735,0.292727,-0.3498315,-0.3428845,-0.356848,-0.351375,-0.3497475,-0.361723,-0.982705,-0.978768,-0.989572,-1.004049,-1.018002,-0.99223,-1.016173,-0.359077
0.566085,0.585998,0.551752,0.602599,0.603666,0.599697,0.585469,0.585455,-0.20831,-0.196385,-0.21891,-0.200725,-0.2033805,-0.215359,-0.982705,-0.978768,-0.989572,-1.004049,-1.018002,-0.99223,-1.016173,-0.2091525
0.566085,0.585998,0.551752,0.602599,0.603666,0.599697,0.585469,0.585455,-0.290202,-0.2779495,-0.3013745,-0.284396,-0.2860665,-0.30004,-1.146489,-1.141897,-1.154501,-1.171391,-1.187669,-1.157602,-1.185535,-0.293986
-0.566085,-0.585997,-0.551753,-0.602599,-0.603665,-0.599697,-0.585469,-0.585455,-0.692503,-0.7008185,-0.6881985,-0.7196535,-0.7061635,-0.716133,-0.818921,-0.81564,-0.824644,-0.836708,-0.848335,-0.826858,-0.846811,-0.724016
-1.415213,-1.464994,-1.379382,-1.506498,-1.509163,-1.499241,-1.463672,-1.463638,-1.362743,-1.3850095,-1.349406,-1.4226155,-1.3933225,-1.4092675,-1.310273,-1.305025,-1.31943,-1.338733,-1.357336,-1.322973,-1.354897,-1.4282885
-1.698256,-1.757993,-1.655258,-1.807798,-1.810996,-1.79909,-1.756407,-1.756366,-1.4223725,-1.449945,-1.4048795,-1.4895945,-1.4570045,-1.4709505,-1.146489,-1.141897,-1.154501,-1.171391,-1.187669,-1.157602,-1.185535,-1.4933795
-2.547383,-2.636989,-2.482887,-2.711697,-2.716494,-2.698635,-2.63461,-2.634549,-2.1745045,-2.215699,-2.1485515,-2.276227,-2.226849,-2.248766,-1.801626,-1.794409,-1.814216,-1.840757,-1.866337,-1.819088,-1.862983,-2.282486
-2.547383,-2.636989,-2.482887,-2.711697,-2.716494,-2.698635,-2.63461,-2.634549,-2.2563965,-2.297263,-2.231016,-2.359898,-2.309535,-2.333447,-1.96541,-1.957537,-1.979145,-2.008099,-2.036004,-1.98446,-2.032345,-2.3673195
-2.830426,-2.929988,-2.758763,-3.012997,-3.018327,-2.998483,-2.927345,-2.927276,-2.47981,-2.525327,-2.4514185,-2.594219,-2.5385885,-2.564492,-2.129194,-2.120666,-2.144074,-2.175441,-2.205671,-2.149832,-2.201708,-2.602077
-4.245639,-4.394982,-4.138145,-4.519495,-4.52749,-4.497725,-4.391017,-4.390914,-3.2693085,-3.339388,-3.2235735,-3.4311385,-3.35311,-3.380992,-2.292978,-2.283794,-2.309002,-2.342782,-2.375338,-2.315203,-2.37107,-3.4365315
-4.811724,-4.98098,-4.689897,-5.122094,-5.131155,-5.097421,-4.976486,-4.97637,-3.8799195,-3.958643,-3.829307,-4.0671215,-3.976588,-4.012444,-2.948115,-2.936306,-2.968717,-3.012149,-3.054006,-2.97669,-3.048518,-4.0757135
-4.528681,-4.687981,-4.414021,-4.820794,-4.829323,-4.797573,-4.683752,-4.683642,-3.82029,-3.8937075,-3.7738335,-4.000142,-3.912907,-3.950761,-3.111899,-3.099434,-3.133646,-3.17949,-3.223673,-3.142062,-3.21788,-4.010623
-3.679554,-3.808985,-3.586392,-3.916895,-3.923825,-3.898028,-3.805548,-3.805459,-3.3957265,-3.4542095,-3.360019,-3.5481925,-3.473805,-3.5116695,-3.111899,-3.099434,-3.133646,-3.17949,-3.223673,-3.142062,-3.21788,-3.5608505
-3.962596,-4.101983,-3.862268,-4.218195,-4.225657,-4.197876,-3.805548,-4.098187,-3.4553555,-3.5191445,-3.4154925,-3.615172,-3.912368,-3.5733525,-2.948115,-2.936306,-2.968717,-3.012149,-3.758461,-4.019188,-3.048518,-3.9781685
-3.962596,-4.101983,-3.862268,-4.218195,-4.225657,-4.197876,-3.805548,-4.098187,-3.4553555,-3.5191445,-3.4154925,-3.615172,-3.912368,-3.5733525,-2.948115,-2.936306,-2.968717,-3.012149,-3.758461,-4.019188,-3.048518,-3.9781685
-4.245638,-4.394982,-4.138145,-4.519495,-4.527489,-4.497724,-4.098283,-4.390915,-3.5968765,-3.665644,-3.553431,-3.765822,-4.0587355,-3.7197165,-2.948115,-2.936306,-2.968717,-3.012149,-3.758461,-4.019188,-3.048518,-4.1280925
-5.094766,-5.273978,-4.965774,-5.423394,-5.432987,-5.397269,-4.976486,-5.269098,-4.1852245,-4.2682705,-4.1321745,-4.385113,-4.663209,-4.32817,-3.275683,-3.262563,-3.298575,-3.346832,-4.097795,-4.349932,-3.387242,-4.747532
-6.793021,-7.031971,-6.621031,-7.231192,-7.243984,-7.196359,-6.732893,-7.025463,-5.3619205,-5.473523,-5.2896605,-5.623695,-5.8721555,-5.5450765,-3.93082,-3.915075,-3.95829,-4.016198,-4.776463,-5.011418,-4.06469,-5.986411
-7.076064,-7.32497,-6.896908,-7.532491,-7.545816,-7.496207,-7.025627,-7.318191,-5.749118,-5.864715,-5.674992,-6.025357,-6.26658,-5.945484,-4.422172,-4.40446,-4.453076,-4.518223,-5.285464,-5.507533,-4.572777,-6.3908355
-8.208234,-8.496965,-8.000413,-8.73769,-8.753147,-8.695601,-8.196565,-8.489101,-6.4789875,-6.6138405,-6.391673,-6.795298,-7.017421,-6.700301,-4.749741,-4.730716,-4.782933,-4.852906,-5.624798,-5.838277,-4.911501,-7.1601995
-8.491277,-8.789964,-8.276289,-9.038989,-9.05498,-8.995449,-8.4893,-8.781829,-6.620509,-6.76034,-6.529611,-6.9459475,-7.1637885,-6.846665,-4.749741,-4.730716,-4.782933,-4.852906,-5.624798,-5.838277,-4.911501,-7.3101235
-9.057362,-9.375962,-8.828042,-9.641589,-9.658645,-9.595146,-9.074769,-9.367284,-7.2311195,-7.3795955,-7.135345,-7.581931,-7.787266,-7.478117,-5.404877,-5.383229,-5.442648,-5.522273,-6.303466,-6.499763,-5.58895,-7.949306
-9.90649,-10.254959,-9.655671,-10.545488,-10.564143,-10.494691,-9.952972,-10.245467,-7.8194675,-7.982222,-7.7140885,-8.201222,-8.3917395,-8.0865705,-5.732445,-5.709485,-5.772506,-5.856956,-6.6428,-6.830507,-5.927674,-8.5687455
-10.189532,-10.547957,-9.931547,-10.846787,-10.865976,-10.794539,-10.245707,-10.538195,-8.206665,-8.3734135,-8.0994195,-8.602884,-8.7861645,-8.4869775,-6.223798,-6.19887,-6.267292,-6.358981,-7.151801,-7.326622,-6.43576,-8.97317
-11.321702,-11.719953,-11.035052,-12.051986,-12.073306,-11.993932,-11.416645,-11.709105,-8.936534,-9.1225395,-8.816101,-9.372825,-9.537005,-9.241795,-6.551366,-6.525126,-6.59715,-6.693664,-7.491135,-7.657365,-6.774485,-9.7425335
-11.604745,-12.012952,-11.310929,-12.353285,-12.375139,-12.29378,-11.709379,-12.001833,-9.2418395,-9.432167,-9.118968,-9.690816,-9.8487435,-9.557521,-6.878934,-6.851382,-6.927007,-7.028347,-7.830469,-7.988108,-7.113209,-10.0621245
-12.17083,-12.598949,-11.862681,-12.955885,-12.978804,-12.893477,-12.294848,-12.587288,-9.524882,-9.7251655,-9.394844,-9.992116,-10.141478,-9.8502485,-6.878934,-6.851382,-6.927007,-7.028347,-7.830469,-7.988108,-7.113209,-10.361973
-12.453873,-12.891948,-12.138558,-13.257184,-13.280637,-13.193325,-12.587583,-12.880016,-9.91208,-10.1163575,-9.7801755,-10.393778,-10.535903,-10.2506555,-7.370287,-7.340767,-7.421793,-7.530372,-8.33947,-8.484223,-7.621295,-10.7663975
-12.453873,-12.891948,-12.138558,-13.257184,-13.280637,-13.193325,-12.587583,-12.880016,-9.993972,-10.1979215,-9.86264,-10.477449,-10.618589,-10.3353365,-7.534071,-7.503895,-7.586722,-7.697714,-8.509137,-8.649595,-7.790657,-10.851231
-12.17083,-12.598949,-11.862681,-12.955885,-12.978804,-12.893477,-12.294848,-12.587288,-10.0162345,-10.21455,-9.8896305,-10.494141,-10.637593,-10.358335,-7.861639,-7.830151,-7.91658,-8.032397,-8.848471,-8.980338,-8.129382,-10.870974
-11.321702,-11.719953,-11.035052,-12.051986,-12.073306,-11.993932,-11.416645,-11.709105,-9.4278865,-9.611924,-9.310887,-9.87485,-10.03312,-9.749881,-7.534071,-7.503895,-7.586722,-7.697714,-8.509137,-8.649595,-7.790657,-10.2515345
-11.03866,-11.426954,-10.759176,-11.750686,-11.771474,-11.694084,-11.12391,-11.416378,-9.1225815,-9.302296,-9.0080205,-9.5568585,-9.721381,-9.4341555,-7.206503,-7.177638,-7.256865,-7.363031,-8.169803,-8.318852,-7.451933,-9.9319435
-11.321702,-11.719953,-11.035052,-12.051986,-12.073306,-11.993932,-11.416645,-11.709105,-9.2641025,-9.4487955,-9.1459585,-9.7075085,-9.8677485,-9.580519,-7.206503,-7.177638,-7.256865,-7.363031,-8.169803,-8.318852,-7.451933,-10.0818675
-11.321702,-11.719953,-11.035052,-12.051986,-12.073306,-11.993932,-11.416645,-11.709105,-9.1822105,-9.3672315,-9.063494,-9.6238375,-9.7850625,-9.495838,-7.042719,-7.01451,-7.091936,-7.195689,-8.000136,-8.15348,-7.282571,-9.997034
-11.604745,-12.012952,-11.310929,-12.353285,-12.375139,-12.29378,-11.709379,-12.001833,-9.487516,-9.6768595,-9.366361,-9.9418285,-10.096801,-9.811564,-7.370287,-7.340767,-7.421793,-7.530372,-8.33947,-8.484223,-7.621295,-10.316625
-11.887788,-12.30595,-11.586805,-12.654585,-12.676972,-12.593629,-12.002114,-12.29456,-9.6290375,-9.8233585,-9.504299,-10.0924785,-10.2431685,-9.9579275,-7.370287,-7.340767,-7.421793,-7.530372,-8.33947,-8.484223,-7.621295,-10.4665495
-12.736915,-13.184947,-12.414434,-13.558484,-13.58247,-13.493174,-12.880317,-13.172743,-10.217385,-10.425985,-10.0830425,-10.7117695,-10.847642,-10.566381,-7.697855,-7.667023,-7.751651,-7.865055,-8.678804,-8.814967,-7.960019,-11.085989
-12.736915,-13.184947,-12.414434,-13.558484,-13.58247,-13.493174,-12.880317,-13.172743,-10.381169,-10.589113,-10.247971,-10.8791115,-11.0130135,-10.7357435,-8.025423,-7.993279,-8.081508,-8.199739,-9.018138,-9.14571,-8.298744,-11.255656
-13.303,-13.770945,-12.966186,-14.161083,-14.186135,-14.09287,-13.465786,-13.758199,-10.6642115,-10.882112,-10.523847,-11.180411,-11.305748,-11.0284715,-8.025423,-7.993279,-8.081508,-8.199739,-9.018138,-9.14571,-8.298744,-11.555504
-13.586043,-14.063944,-13.242063,-14.462383,-14.487968,-14.392719,-13.758521,-14.050926,-10.9695175,-11.19174,-10.8267145,-11.4984025,-11.617487,-11.344197,-8.352992,-8.319536,-8.411366,-8.534422,-9.357472,-9.476453,-8.637468,-11.8750955
-13.586043,-14.063944,-13.242063,-14.462383,-15.143927,-14.392719,-13.758521,-14.050926,-10.9695175,-11.19174,-10.8267145,-12.555458,-11.617487,-12.085997,-8.352992,-8.319536,-8.411366,-10.648533,-11.573985,-9.476453,-10.121068,-12.983352
-13.869086,-14.356943,-13.517939,-14.763682,-15.445759,-14.692567,-14.051255,-14.343654,-11.356715,-11.582932,-11.2120455,-12.9571195,-12.0119115,-12.4864045,-8.844344,-8.808921,-8.906152,-11.150557,-12.082986,-9.972568,-10.629155,-13.3877765
-13.869086,-14.356943,-13.517939,-14.763682,-15.445759,-14.692567,-14.051255,-14.343654,-11.274823,-11.501368,-11.1295815,-12.873449,-11.9292255,-12.4017235,-8.68056,-8.645793,-8.741224,-10.983216,-11.913319,-9.807196,-10.459793,-13.302943
-14.435171,-14.94294,-14.069692,-15.366281,-16.049425,-15.292264,-14.636724,-14.929109,-11.803542,-12.0390585,-11.652851,-13.425761,-12.4700175,-12.948494,-9.171913,-9.135177,-9.23601,-11.485241,-12.42232,-10.303311,-10.967879,-13.857292
-13.869086,-14.356943,-13.517939,-14.763682,-15.445759,-14.692567,-14.051255,-14.343654,-11.5204995,-11.74606,-11.3769745,-13.1244615,-12.177283,-12.6557665,-9.171913,-9.135177,-9.23601,-11.485241,-12.42232,-10.303311,-10.967879,-13.5574435
-13.303001,-13.770945,-12.966187,-14.161083,-14.842094,-14.092871,-13.465786,-13.758199,-11.0736725,-11.289933,-10.9361695,-12.65582,-11.719177,-12.193677,-8.844344,-8.808921,-8.906152,-11.150557,-12.082986,-9.972568,-10.629155,-13.0879285
-13.586043,-14.063944,-13.242063,-14.462383,-15.143927,-14.392719,-13.758521,-14.050926,-11.378978,-11.5995605,-11.2390365,-12.973812,-12.030916,-12.5094025,-9.171913,-9.135177,-9.23601,-11.485241,-12.42232,-10.303311,-10.967879,-13.4075195
-13.303001,-13.770945,-12.966187,-14.161083,-14.842094,-14.092871,-13.465786,-13.758199,-11.0736725,-11.289933,-10.9361695,-12.65582,-11.719177,-12.193677,-8.844344,-8.808921,-8.906152,-11.150557,-12.082986,-9.972568,-10.629155,-13.0879285
-13.019958,-13.477946,-12.690311,-13.859783,-14.540261,-13.793022,-13.173052,-13.465471,-10.768367,-10.9803055,-10.633303,-12.3378285,-11.4074385,-11.8779505,-8.516776,-8.482665,-8.576295,-10.815874,-11.743652,-9.641825,-10.29043,-12.768337
-12.170831,-12.59895,-11.862682,-12.955884,-13.634763,-12.893478,-12.294848,-12.587288,-10.4256955,-10.6223715,-10.301953,-11.96955,-11.051022,-11.5235405,-8.68056,-8.645793,-8.741224,-10.983216,-11.913319,-9.807196,-10.459793,-12.4033985
-11.604745,-12.012952,-11.310929,-12.353285,-13.031098,-12.293781,-11.709379,-12.001833,-10.0607605,-10.2478085,-9.943612,-11.5845795,-10.675602,-11.1461315,-8.516776,-8.482665,-8.576295,-10.815874,-11.743652,-9.641825,-10.29043,-12.0187165
-11.03866,-11.426954,-10.759176,-11.750686,-12.427433,-11.694084,-11.12391,-11.416378,-9.4501495,-9.628553,-9.337878,-10.948597,-10.052124,-10.51468,-7.861639,-7.830152,-7.91658,-10.146508,-11.064984,-8.980338,-9.612982,-11.379534
-10.755618,-11.133955,-10.4833,-11.449386,-12.1256,-11.394236,-10.831176,-11.12365,-9.1448445,-9.3189255,-9.035011,-10.6306055,-9.7403855,-10.198954,-7.534071,-7.503896,-7.586722,-9.811825,-10.72565,-8.649595,-9.274258,-11.059943
-9.90649,-10.254959,-9.655671,-10.545487,-11.220102,-10.494691,-9.952972,-10.245467,-8.7202805,-8.8794275,-8.6211965,-10.178656,-9.3012835,-9.7598625,-7.534071,-7.503896,-7.586722,-9.811825,-10.72565,-8.649595,-9.274258,-10.6101705
-9.623447,-9.96196,-9.379795,-10.244188,-10.918269,-10.194843,-9.660238,-9.95274,-8.496867,-8.6513635,-8.4007945,-9.9443355,-9.0722305,-9.5288175,-7.370287,-7.340767,-7.421794,-9.644483,-10.555983,-8.484223,-9.104895,-10.375413
-9.623447,-9.96196,-9.379795,-10.244188,-10.918269,-10.194843,-9.660238,-9.95274,-8.414975,-8.5697995,-8.31833,-9.8606645,-8.9895445,-9.4441365,-7.206503,-7.177639,-7.256865,-9.477141,-10.386316,-8.318851,-8.935533,-10.2905795
-9.340405,-9.668961,-9.103919,-9.942888,-10.616437,-9.894994,-9.367503,-9.660012,-8.273454,-8.4233,-8.180392,-9.7100145,-8.843177,-9.2977725,-7.206503,-7.177639,-7.256865,-9.477141,-10.386316,-8.318851,-8.935533,-10.140655
-9.90649,-10.254959,-9.655671,-10.545487,-11.220102,-10.494691,-9.952972,-10.245467,-8.5564965,-8.716299,-8.456268,-10.011314,-9.1359115,-9.5905,-7.206503,-7.177639,-7.256865,-9.477141,-10.386316,-8.318851,-8.935533,-10.4405035
-10.189532,-10.547958,-9.931547,-10.846787,-11.521935,-10.794539,-10.245707,-10.538195,-8.7799095,-8.9443625,-8.6766705,-10.245635,-9.364965,-9.821545,-7.370287,-7.340767,-7.421794,-9.644483,-10.555983,-8.484223,-9.104895,-10.675261
-9.90649,-10.254959,-9.655671,-10.545487,-11.220102,-10.494691,-9.952972,-10.245467,-8.5564965,-8.716299,-8.456268,-10.011314,-9.1359115,-9.5905,-7.206503,-7.177639,-7.256865,-9.477141,-10.386316,-8.318851,-8.935533,-10.4405035
-9.340405,-9.668961,-9.103919,-9.942888,-10.616437,-9.894994,-9.367503,-9.660012,-8.355346,-8.504864,-8.2628565,-9.7936855,-8.925863,-9.3824535,-7.370287,-7.340767,-7.421794,-9.644483,-10.555983,-8.484223,-9.104895,-10.2254885
-9.057362,-9.375962,-8.828042,-9.641588,-10.314604,-9.595146,-9.074769,-9.367284,-7.886256,-8.0321085,-7.7950605,-9.308352,-8.4487525,-8.8973655,-6.71515,-6.688255,-6.762079,-8.975116,-9.877315,-7.822736,-8.427447,-9.7362305
-9.057362,-9.375962,-8.828042,-9.641588,-10.314604,-9.595146,-9.074769,-9.367284,-7.9681485,-8.1136725,-7.8775245,-9.392023,-8.5314385,-8.9820465,-6.878935,-6.851383,-6.927007,-9.142458,-10.046982,-7.988108,-8.596809,-9.821064
-8.77432,-9.082963,-8.552166,-9.340289,-10.012771,-9.295298,-8.782034,-9.074557,-7.8266275,-7.967173,-7.7395865,-9.2413735,-8.385071,-8.835683,-6.878935,-6.851383,-6.927007,-9.142458,-10.046982,-7.988108,-8.596809,-9.67114
-9.057362,-9.375962,-8.828042,-9.641588,-10.314604,-9.595146,-9.074769,-9.367284,-7.9681485,-8.1136725,-7.8775245,-9.392023,-8.5314385,-8.9820465,-6.878935,-6.851383,-6.927007,-9.142458,-10.046982,-7.988108,-8.596809,-9.821064
-9.057362,-9.375962,-8.828042,-9.641588,-10.314604,-9.595146,-9.074769,-9.367284,-7.886256,-8.0321085,-7.7950605,-9.308352,-8.4487525,-8.8973655,-6.71515,-6.688255,-6.762079,-8.975116,-9.877315,-7.822736,-8.427447,-9.7362305
-9.057362,-9.375962,-8.828042,-9.641588,-10.314604,-9.595146,-9.074769,-9.367284,-7.886256,-8.0321085,-7.7950605,-9.308352,-8.4487525,-8.8973655,-6.71515,-6.688255,-6.762079,-8.975116,-9.877315,-7.822736,-8.427447,-9.7362305
-8.77432,-9.082963,-8.552166,-9.340289,-10.012771,-9.295298,-8.782034,-9.074557,-7.662843,-7.804045,-7.574658,-9.074032,-8.2196995,-8.666321,-6.551366,-6.525127,-6.59715,-8.807775,-9.707648,-7.657365,-8.258085,-9.501473
-8.491277,-8.789965,-8.27629,-9.038989,-9.710939,-8.99545,-8.4893,-8.781829,-7.6032135,-7.73911,-7.5191845,-9.0070525,-8.156018,-8.604638,-6.71515,-6.688255,-6.762079,-8.975116,-9.877315,-7.822736,-8.427447,-9.4363825
-8.208234,-8.496966,-8.000413,-8.73769,-9.409106,-8.695601,-8.196565,-8.489102,-7.461692,-7.5926105,-7.381246,-8.856403,-8.0096505,-8.4582745,-6.71515,-6.688255,-6.762079,-8.975116,-9.877315,-7.822736,-8.427447,-9.286458
-7.359107,-7.617969,-7.172784,-7.833791,-8.503608,-7.796056,-7.318362,-7.610919,-6.7095605,-6.8268555,-6.637574,-8.0697705,-7.239806,-7.6804585,-6.060014,-6.035742,-6.102364,-8.30575,-9.198647,-7.16125,-7.749998,-8.4973515
-7.359107,-7.617969,-7.172784,-7.833791,-8.503608,-7.796056,-7.318362,-7.610919,-6.7095605,-6.8268555,-6.637574,-8.0697705,-7.239806,-7.6804585,-6.060014,-6.035742,-6.102364,-8.30575,-9.198647,-7.16125,-7.749998,-8.4973515
-6.793022,-7.031971,-6.621032,-7.231192,-7.899942,-7.196359,-6.732893,-7.025464,-6.262734,-6.3707285,-6.196769,-7.6011295,-6.7816995,-7.218369,-5.732446,-5.709486,-5.772506,-7.971067,-8.859313,-6.830506,-7.411274,-8.027836
-6.50998,-6.738972,-6.345155,-6.929893,-7.59811,-6.896511,-6.440159,-6.732737,-6.121213,-6.224229,-6.0588305,-7.45048,-6.6353325,-7.0720055,-5.732446,-5.709486,-5.772506,-7.971067,-8.859313,-6.830506,-7.411274,-7.877912
-5.660852,-5.859976,-5.517526,-6.025994,-6.692612,-5.996966,-5.561955,-5.854554,-5.5328645,-5.6216025,-5.4800875,-6.8311885,-6.030859,-6.463552,-5.404877,-5.383229,-5.442649,-7.636383,-8.519979,-6.499763,-7.07255,-7.2584725
-5.377809,-5.566977,-5.24165,-5.724694,-6.390779,-5.697117,-5.269221,-5.561826,-5.309451,-5.393539,-5.259685,-6.596868,-5.801806,-6.2325065,-5.241093,-5.220101,-5.27772,-7.469042,-8.350312,-6.334391,-6.903187,-7.0237145
-4.811724,-4.980979,-4.689898,-5.122095,-5.787114,-5.097421,-4.683752,-4.976371,-4.8626245,-4.937412,-4.81888,-6.1282265,-5.3437,-5.770417,-4.913525,-4.893845,-4.947862,-7.134358,-8.010978,-6.003648,-6.564463,-6.5541995
-5.094767,-5.273978,-4.965774,-5.423394,-6.088946,-5.397269,-4.976486,-5.269098,-5.086038,-5.1654755,-5.0392825,-6.362547,-5.572753,-6.0014615,-5.077309,-5.056973,-5.112791,-7.3017,-8.180645,-6.16902,-6.733825,-6.788957
-5.377809,-5.566977,-5.24165,-5.724694,-6.390779,-5.697117,-5.269221,-5.561826,-5.309451,-5.393539,-5.259685,-6.596868,-5.801806,-6.2325065,-5.241093,-5.220101,-5.27772,-7.469042,-8.350312,-6.334391,-6.903187,-7.0237145
-5.943894,-6.152975,-5.793403,-6.327293,-6.994444,-6.296814,-5.85469,-6.147281,-5.5924935,-5.686538,-5.5355615,-6.8981675,-6.0945405,-6.525234,-5.241093,-5.220101,-5.27772,-7.469042,-8.350312,-6.334391,-6.903187,-7.323563
-5.943894,-6.152975,-5.793403,-6.327293,-6.994444,-6.296814,-5.85469,-6.147281,-5.5924935,-5.686538,-5.5355615,-6.8981675,-6.0945405,-6.525234,-5.241093,-5.220101,-5.27772,-7.469042,-8.350312,-6.334391,-6.903187,-7.323563
-6.793022,-7.031971,-6.621032,-7.231192,-7.899942,-7.196359,-6.732893,-7.025464,-6.0170575,-6.126036,-5.949376,-7.350117,-6.533642,-6.9643255,-5.241093,-5.220101,-5.27772,-7.469042,-8.350312,-6.334391,-6.903187,-7.7733355
-5.660852,-5.859976,-5.517526,-6.025994,-6.692612,-5.996966,-5.561955,-5.854554,-5.696649,-5.784731,-5.645016,-6.9985305,-6.1962305,-6.632914,-5.732446,-5.709486,-5.772506,-7.971067,-8.859313,-6.830506,-7.411274,-7.4281395
-5.094767,-5.273978,-4.965774,-5.423394,-6.088946,-5.397269,-4.976486,-5.269098,-5.086038,-5.1654755,-5.0392825,-6.362547,-5.572753,-6.0014615,-5.077309,-5.056973,-5.112791,-7.3017,-8.180645,-6.16902,-6.733825,-6.788957
-3.679554,-3.808984,-3.586392,-3.916896,-4.579783,-3.898028,-3.512814,-3.80546,-4.1327555,-4.1882865,-4.1021985,-5.3582855,-4.5928595,-5.0155995,-4.585957,-4.567589,-4.618005,-6.799675,-7.671644,-5.672905,-6.225739,-5.784836
-3.113469,-3.222986,-3.03464,-3.314297,-3.976118,-3.298331,-2.927345,-3.220005,-3.6859285,-3.732159,-3.6613935,-4.8896445,-4.134753,-4.55351,-4.258388,-4.241332,-4.288147,-6.464992,-7.33231,-5.342161,-5.887015,-5.3153205
-3.396511,-3.515985,-3.310516,-3.615597,-4.27795,-3.598179,-3.220079,-3.512733,-3.6636655,-3.7155305,-3.634403,-4.872953,-4.1157485,-4.5305115,-3.93082,-3.915076,-3.95829,-6.130309,-6.992976,-5.011418,-5.54829,-5.2955775
-3.113469,-3.222986,-3.03464,-3.314297,-3.976118,-3.298331,-2.927345,-3.220005,-3.4402525,-3.487467,-3.4140005,-4.638632,-3.8866955,-4.2994665,-3.767036,-3.751948,-3.793361,-5.962967,-6.823309,-4.846046,-5.378928,-5.06082
-2.264341,-2.34399,-2.207011,-2.410398,-3.07062,-2.398786,-2.049141,-2.341822,-3.0156885,-3.047969,-3.000186,-4.1866825,-3.4475935,-3.860375,-3.767036,-3.751948,-3.793361,-5.962967,-6.823309,-4.846046,-5.378928,-4.6110475
-2.547384,-2.636988,-2.482887,-2.711698,-3.372452,-2.698634,-2.341876,-2.63455,-3.15721,-3.194468,-3.138124,-4.3373325,-3.593961,-4.006739,-3.767036,-3.751948,-3.793361,-5.962967,-6.823309,-4.846046,-5.378928,-4.7609715
-2.264341,-2.34399,-2.207011,-2.410398,-3.07062,-2.398786,-2.049141,-2.341822,-2.9337965,-2.966405,-2.9177215,-4.103012,-3.364908,-3.775694,-3.603252,-3.58882,-3.628432,-5.795626,-6.653642,-4.680675,-5.209566,-4.526214
-1.698256,-1.757992,-1.655258,-1.807799,-2.466954,-1.799089,-1.463673,-1.756367,-2.568862,-2.5918415,-2.559381,-3.7180415,-2.989488,-3.3982855,-3.439468,-3.425691,-3.463504,-5.628284,-6.483975,-4.515303,-5.040204,-4.141532
-0.849128,-0.878995,-0.827629,-0.9039,-1.561456,-0.899545,-0.585469,-0.878184,-1.9805135,-1.989215,-1.9806375,-3.0987505,-2.3850145,-2.789832,-3.111899,-3.099435,-3.133646,-5.293601,-6.144641,-4.18456,-4.70148,-3.522093
-0.566086,-0.585997,-0.551753,-0.6026,-1.259623,-0.599696,-0.292735,-0.585457,-1.6752085,-1.679588,-1.677771,-2.780759,-2.0732755,-2.474106,-2.784331,-2.773179,-2.803789,-4.958918,-5.805307,-3.853816,-4.362755,-3.2025015
0.566085,0.585999,0.551752,0.602598,-0.052293,0.599697,0.878203,0.585454,-0.945339,-0.9304615,-0.9610895,-2.010818,-1.322435,-1.7192885,-2.456763,-2.446922,-2.473931,-4.624234,-5.465973,-3.523073,-4.024031,-2.433138
1.415212,1.464995,1.379381,1.506497,0.853205,1.499242,1.756407,1.463637,-0.111315,-0.0831435,-0.134953,-1.1405145,-0.469904,-0.8567915,-1.637842,-1.631282,-1.649287,-3.787526,-4.617637,-2.696215,-3.17722,-1.5591975
1.698255,1.757994,1.655257,1.807797,1.155038,1.79909,2.049141,1.756364,0.0302065,0.063356,0.002985,-0.9898645,-0.323537,-0.710428,-1.637842,-1.631282,-1.649287,-3.787526,-4.617637,-2.696215,-3.17722,-1.4092735
1.698255,1.757994,1.655257,1.807797,1.155038,1.79909,2.049141,1.756364,0.1120985,0.14492,0.085449,-0.906194,-0.240851,-0.625747,-1.474058,-1.468154,-1.484359,-3.620185,-4.44797,-2.530843,-3.007858,-1.32444
2.26434,2.343992,2.20701,2.410396,1.758703,2.398787,2.63461,2.34182,0.231357,0.274791,0.196397,-0.772236,-0.113488,-0.5023815,-1.801626,-1.79441,-1.814216,-3.954868,-4.787304,-2.861586,-3.346583,-1.1942585
1.981298,2.050993,1.931134,2.109096,1.456871,2.098939,2.341876,2.049092,0.25362,0.2914195,0.2233875,-0.7555445,-0.0944835,-0.479383,-1.474058,-1.468154,-1.484359,-3.620185,-4.44797,-2.530843,-3.007858,-1.1745155
1.981298,2.050993,1.931134,2.109096,1.456871,2.098939,2.341876,2.049092,0.25362,0.2914195,0.2233875,-0.7555445,-0.0944835,-0.479383,-1.474058,-1.468154,-1.484359,-3.620185,-4.44797,-2.530843,-3.007858,-1.1745155
1.698255,1.757994,1.655258,1.807796,1.155039,1.799091,2.049141,1.756364,0.1120985,0.14492,0.0854495,-0.9061945,-0.240851,-0.625747,-1.474058,-1.468154,-1.484359,-3.620185,-4.44797,-2.530843,-3.007858,-1.3244395
1.415213,1.464995,1.379381,1.506497,0.853206,1.499243,1.756407,1.463637,0.0524695,0.0799845,0.0299755,-0.973173,-0.304532,-0.6874295,-1.310274,-1.305026,-1.31943,-3.452843,-4.278303,-2.365471,-2.838496,-1.38953
2.830425,2.92999,2.758763,3.012995,2.362369,2.998484,3.220079,2.927275,0.7600755,0.812482,0.7196665,-0.219924,0.427304,0.0443895,-1.310274,-1.305026,-1.31943,-3.452843,-4.278303,-2.365471,-2.838496,-0.6399095
3.113468,3.222988,3.034639,3.314295,2.664202,3.298333,3.512814,3.220002,1.065381,1.122109,1.0225335,0.0980675,0.739043,0.360115,-0.982706,-0.97877,-0.989572,-3.11816,-3.938969,-2.034728,-2.499772,-0.320318
3.679553,3.808986,3.586392,3.916894,3.267867,3.898029,4.098283,3.805458,1.512208,1.5782365,1.4633385,0.5667085,1.1971495,0.8222055,-0.655137,-0.652513,-0.659715,-2.783477,-3.599635,-1.703984,-2.161047,0.149197
3.679553,3.808986,3.586392,3.916894,3.267867,3.898029,4.098283,3.805458,1.512208,1.5782365,1.4633385,0.5667085,1.1971495,0.8222055,-0.655137,-0.652513,-0.659715,-2.783477,-3.599635,-1.703984,-2.161047,0.149197
4.245638,4.394984,4.138144,4.519493,3.871533,4.497726,4.683752,4.390913,2.0409265,2.1159275,1.9866075,1.1190205,1.7379415,1.368976,-0.163785,-0.163129,-0.164929,-2.281452,-3.090634,-1.207869,-1.652961,0.703546
7.076064,7.324972,6.896907,7.532489,6.889859,7.496209,7.611096,7.318189,4.029384,4.15187,3.94324,3.211214,3.780414,3.4253815,0.982704,0.978768,0.989573,-1.110061,-1.902965,-0.050268,-0.467426,2.796622
7.359107,7.617971,7.172784,7.833789,7.191692,7.796057,7.903831,7.610917,4.2527975,4.3799335,4.1636425,3.445535,4.0094675,3.6564265,1.146488,1.141896,1.154501,-0.942719,-1.733298,0.115104,-0.298064,3.0313795
8.491277,8.789967,8.276289,9.038988,8.399023,8.995451,9.074769,8.781827,4.9826665,5.12906,4.880324,4.215476,4.760308,4.4112435,1.474056,1.468153,1.484359,-0.608036,-1.393964,0.445847,0.04066,3.8007435
8.77432,9.082965,8.552165,9.340287,8.700855,9.295299,9.367503,9.074555,5.3698645,5.520251,5.265655,4.617138,5.1547325,4.811651,1.965409,1.957537,1.979145,-0.106011,-0.884963,0.941962,0.548747,4.205168
8.77432,9.082965,8.552165,9.340287,8.700855,9.295299,9.367503,9.074555,5.5336485,5.683379,5.430584,4.7844795,5.3201045,4.981013,2.292977,2.283793,2.309003,0.228672,-0.545629,1.272706,0.887471,4.374835
8.491277,8.789967,8.276289,9.038988,8.399023,8.995451,9.074769,8.781827,5.310235,5.455316,5.2101815,4.5501595,5.0910515,4.749968,2.129193,2.120665,2.144074,0.061331,-0.715296,1.107334,0.718109,4.1400775
8.491277,8.789967,8.276289,9.038988,8.399023,8.995451,9.074769,8.781827,5.474019,5.6184445,5.37511,4.717501,5.2564235,4.91933,2.456761,2.446922,2.473931,0.396014,-0.375962,1.438078,1.056833,4.3097445
8.491277,8.789967,8.276289,9.038988,8.399023,8.995451,9.074769,8.781827,5.555911,5.7000085,5.4575745,4.8011715,5.339109,5.004011,2.620545,2.61005,2.63886,0.563355,-0.206295,1.603449,1.226195,4.394578
7.925192,8.203969,7.724536,8.436388,7.795357,8.395754,8.4893,8.196372,5.0271925,5.162317,4.934305,4.2488595,4.798317,4.4572405,2.129193,2.120665,2.144074,0.061331,-0.715296,1.107334,0.718109,3.840229
8.491277,8.789967,8.276289,9.038988,8.399023,8.995451,9.074769,8.781827,5.228343,5.373752,5.127717,4.4664885,5.0083655,4.665287,1.965409,1.957537,1.979145,-0.106011,-0.884963,0.941962,0.548747,4.055244
9.623447,9.961962,9.379794,10.244186,9.606353,10.194844,10.245707,9.952738,6.2038885,6.36757,6.0917915,5.4874415,6.007264,5.6741475,2.78433,2.773178,2.803789,0.730697,-0.036628,1.768821,1.395557,5.079108
9.90649,10.254961,9.655671,10.545486,9.908186,10.494692,10.538441,10.245465,6.34541,6.5140695,6.22973,5.6380915,6.153631,5.820511,2.78433,2.773178,2.803789,0.730697,-0.036628,1.768821,1.395557,5.229032
10.472575,10.840959,10.207423,11.148085,10.511851,11.094389,11.12391,10.83092,6.9560205,7.133325,6.8354635,6.274074,6.777109,6.451963,3.439466,3.425691,3.463504,1.400063,0.64204,2.430308,2.073006,5.8682145
9.90649,10.254961,9.655671,10.545486,9.908186,10.494692,10.538441,10.245465,6.509194,6.6771975,6.3946585,5.805433,6.3190025,5.9898735,3.111898,3.099434,3.133646,1.06538,0.302706,2.099564,1.734282,5.398699
9.623447,9.961962,9.379794,10.244186,9.606353,10.194844,10.245707,9.952738,6.2857805,6.449134,6.174256,5.5711125,6.08995,5.758829,2.948114,2.936306,2.968718,0.898039,0.133039,1.934193,1.56492,5.1639415
9.057362,9.375964,8.828042,9.641587,9.002688,9.595147,9.660238,9.367282,6.166522,6.319263,6.0633085,5.4371545,5.962587,5.635463,3.275682,3.262562,3.298575,1.232722,0.472373,2.264936,1.903644,5.03376
9.623447,9.961962,9.379794,10.244186,9.606353,10.194844,10.245707,9.952738,6.2857805,6.449134,6.174256,5.5711125,6.08995,5.758829,2.948114,2.936306,2.968718,0.898039,0.133039,1.934193,1.56492,5.1639415
9.057362,9.375964,8.828042,9.641587,9.002688,9.595147,9.660238,9.367282,6.002738,6.156135,5.89838,5.269813,5.7972155,5.466101,2.948114,2.936306,2.968718,0.898039,0.133039,1.934193,1.56492,4.864093
9.057362,9.375964,8.828042,9.641587,9.002688,9.595147,9.660238,9.367282,6.002738,6.156135,5.89838,5.269813,5.7972155,5.466101,2.948114,2.936306,2.968718,0.898039,0.133039,1.934193,1.56492,4.864093
9.057362,9.375964,8.828042,9.641587,9.002688,9.595147,9.660238,9.367282,6.08463,6.237699,5.9808445,5.353484,5.8799015,5.550782,3.111898,3.099434,3.133647,1.065381,0.302706,2.099565,1.734282,4.9489265
9.340404,9.668963,9.103918,9.942887,9.304521,9.894995,9.952973,9.66001,6.226151,6.3841985,6.1187825,5.504134,6.026269,5.697146,3.111898,3.099434,3.133647,1.065381,0.302706,2.099565,1.734282,5.0988505
8.491276,8.789967,8.276289,9.038988,8.399023,8.99545,9.074769,8.781827,5.555911,5.700008,5.4575745,4.801172,5.3391095,5.0040115,2.620546,2.610049,2.63886,0.563356,-0.206295,1.60345,1.226196,4.3945775
9.623447,9.961962,9.379794,10.244186,9.606353,10.194844,10.245707,9.952737,6.2857805,6.449134,6.174256,5.5711125,6.08995,5.7588285,2.948114,2.936306,2.968718,0.898039,0.133039,1.934193,1.56492,5.1639415
10.472574,10.840959,10.207423,11.148085,10.511851,11.094389,11.123911,10.83092,6.8741285,7.0517605,6.752999,6.1904035,6.6944235,6.367282,3.275683,3.262562,3.298575,1.232722,0.472373,2.264936,1.903644,5.783381
12.736915,13.184949,12.414434,13.558482,12.926513,13.493175,13.465787,13.172741,8.415759,8.631576,8.2688265,7.8139565,8.278791,7.961598,4.094603,4.078203,4.123219,2.069431,1.320708,3.091795,2.750455,7.4069415
14.43517,14.942942,14.069691,15.36628,14.737509,15.292265,15.222194,14.929107,9.592455,9.8368285,9.4263125,9.0525385,9.4877375,9.1785055,4.74974,4.730715,4.782934,2.738797,1.999376,3.753281,3.427904,8.6458205
15.567341,16.114938,15.173197,16.571479,15.944839,16.491658,16.393132,16.100017,10.649893,10.912211,10.472852,10.157163,10.5693215,10.2720465,5.732445,5.709484,5.772507,3.742847,3.017379,4.745511,4.444076,9.7545185
15.850383,16.407937,15.449073,16.872778,16.246672,16.791506,16.685866,16.392745,11.03709,11.303403,10.858183,10.5588245,10.963746,10.672454,6.223797,6.198869,6.267293,4.244871,3.52638,5.241626,4.952163,10.158943
15.567341,16.114938,15.173197,16.571479,15.944839,16.491658,16.393132,16.100017,10.895569,11.1569035,10.720245,10.408175,10.817379,10.52609,6.223797,6.198869,6.267293,4.244871,3.52638,5.241626,4.952163,10.009019
15.850383,16.407937,15.449073,16.872778,16.246672,16.791506,16.685866,16.392745,11.2008745,11.466531,11.0231115,10.7261665,11.129118,10.841816,6.551366,6.525125,6.59715,4.579555,3.865714,5.57237,5.290887,10.32861
16.133426,16.700935,15.724949,17.174078,16.548505,17.091355,16.978601,16.685472,11.342396,11.61303,11.1610495,10.8768165,11.2754855,10.9881795,6.551366,6.525125,6.59715,4.579555,3.865714,5.57237,5.290887,10.4785345
15.567341,16.114938,15.173197,16.571479,15.944839,16.491658,16.393132,16.100017,11.0593535,11.3200315,10.8851735,10.575517,10.982751,10.695452,6.551366,6.525125,6.59715,4.579555,3.865714,5.57237,5.290887,10.178686
15.567341,16.114938,15.173197,16.571479,15.944839,16.491658,16.393132,16.100017,10.977461,11.2384675,10.8027095,10.491846,10.900065,10.610771,6.387581,6.361997,6.432222,4.412213,3.696047,5.406998,5.121525,10.0938525
15.284298,15.821939,14.89732,16.270179,15.643007,16.19181,16.100397,15.80729,10.917832,11.173532,10.747235,10.424867,10.8363835,10.5490885,6.551366,6.525125,6.59715,4.579555,3.865714,5.57237,5.290887,10.028762
15.284298,15.821939,14.89732,16.270179,15.643007,16.19181,16.100397,15.80729,10.999724,11.255096,10.8296995,10.5085375,10.919069,10.6337695,6.71515,6.688253,6.762079,4.746896,4.035381,5.737741,5.460249,10.1135955
15.001256,15.52894,14.621444,15.968879,15.341174,15.891961,15.807663,15.514562,10.6944185,10.9454685,10.526833,10.190546,10.6073305,10.3180435,6.387581,6.361997,6.432222,4.412213,3.696047,5.406998,5.121525,9.794004
15.001256,15.52894,14.621444,15.968879,15.341174,15.891961,15.807663,15.514562,10.6944185,10.9454685,10.526833,10.190546,10.6073305,10.3180435,6.387581,6.361997,6.432222,4.412213,3.696047,5.406998,5.121525,9.794004
14.718213,15.235941,14.345568,15.66758,15.039341,15.592113,15.514928,15.221834,10.389113,10.635841,10.223966,9.872555,10.2955915,10.0023175,6.060013,6.035741,6.102364,4.07753,3.356713,5.076255,4.782801,9.474413
14.718213,15.235941,14.345568,15.66758,15.039341,15.592113,15.514928,15.221834,10.471005,10.717405,10.3064305,9.9562255,10.378277,10.0869985,6.223797,6.198869,6.267293,4.244871,3.52638,5.241626,4.952163,9.5592465
14.43517,14.942942,14.069691,15.36628,14.737509,15.292265,15.222194,14.929107,10.2475915,10.4893415,10.0860275,9.721905,10.1492245,9.855954,6.060013,6.035741,6.102364,4.07753,3.356713,5.076255,4.782801,9.324489
15.001256,15.52894,14.621444,15.968879,15.341174,15.891961,15.807663,15.514562,10.6944185,10.9454685,10.526833,10.190546,10.6073305,10.3180435,6.387581,6.361997,6.432222,4.412213,3.696047,5.406998,5.121525,9.794004
15.284298,15.821939,14.89732,16.270179,15.643007,16.19181,16.100397,15.80729,10.7540475,11.010404,10.5823065,10.257525,10.6710115,10.3797265,6.223797,6.198869,6.267293,4.244871,3.52638,5.241626,4.952163,9.859095
15.284298,15.821939,14.89732,16.270179,15.643007,16.19181,16.100397,15.80729,10.999724,11.255096,10.8296995,10.5085375,10.919069,10.6337695,6.71515,6.688253,6.762079,4.746896,4.035381,5.737741,5.460249,10.1135955
14.718213,15.235941,14.345568,15.66758,15.039341,15.592113,15.514928,15.221834,10.471005,10.717405,10.3064305,9.9562255,10.378277,10.0869985,6.223797,6.198869,6.267293,4.244871,3.52638,5.241626,4.952163,9.5592465
15.001256,15.52894,14.621444,15.968879,15.341174,15.891961,15.807663,15.514562,10.6125265,10.8639045,10.4443685,10.106875,10.5246445,10.2333625,6.223797,6.198869,6.267293,4.244871,3.52638,5.241626,4.952163,9.7091705
16.133426,16.700935,15.724949,17.174078,16.548505,17.091355,16.978601,16.685472,11.342396,11.61303,11.1610495,10.8768165,11.2754855,10.9881795,6.551366,6.525125,6.59715,4.579555,3.865714,5.57237,5.290887,10.4785345
16.699511,17.286933,16.276702,17.776677,17.15217,17.691051,17.56407,17.270928,11.9530065,12.2322855,11.7667835,11.512799,11.898963,11.619632,7.206502,7.177638,7.256865,5.248921,4.544382,6.233856,5.968336,11.1177165
17.265596,17.872931,16.828454,18.379276,17.755836,18.290748,18.149539,17.856383,12.236049,12.5252845,12.0426595,11.8140985,12.1916975,11.9123595,7.206502,7.177638,7.256865,5.248921,4.544382,6.233856,5.968336,11.417565
17.265596,15.058714,16.828454,18.379276,17.755836,18.290748,18.149539,17.856383,11.0718805,11.118176,10.5509235,11.8140985,11.229772,10.63565,4.878165,7.177638,4.273393,5.248921,2.643584,4.310005,3.414917,10.467166
16.982553,14.765715,16.552577,18.077976,17.454004,17.9909,17.856804,17.563656,11.012251,11.0532405,10.4954495,11.7471195,11.16609,10.5739675,5.041949,7.340766,4.438322,5.416263,2.813251,4.475376,3.584279,10.4020755
16.699511,14.472716,16.276701,17.776677,17.152171,17.691052,17.56407,17.270928,10.706946,10.7436125,10.1925825,11.4291285,10.8543515,10.2582415,4.714381,7.014509,4.108464,5.08158,2.473917,4.144633,3.245555,10.0824845
16.416468,14.179717,16.000825,17.475377,16.850338,17.391203,17.271335,16.9782,10.5654245,10.597113,10.0546445,11.2784785,10.707984,10.1118775,4.714381,7.014509,4.108464,5.08158,2.473917,4.144633,3.245555,9.93256
16.416468,14.179717,16.000825,17.475377,16.850338,17.391203,17.271335,16.9782,10.5654245,10.597113,10.0546445,11.2784785,10.707984,10.1118775,4.714381,7.014509,4.108464,5.08158,2.473917,4.144633,3.245555,9.93256
16.416468,14.179717,16.000825,17.475377,16.850338,17.391203,17.271335,16.9782,10.4835325,10.515549,9.9721805,11.1948075,10.625298,10.027196,4.550597,6.851381,3.943536,4.914238,2.30425,3.979261,3.076192,9.8477265
16.982553,14.765715,16.552577,18.077976,17.454004,17.9909,17.856804,17.563656,10.930359,10.9716765,10.412985,11.6634485,11.0834045,10.4892865,4.878165,7.177638,4.273393,5.248921,2.643584,4.310005,3.414917,10.317242
17.265596,15.058714,16.828454,18.379276,17.755836,18.290748,18.149539,17.856383,11.0718805,11.118176,10.5509235,11.8140985,11.229772,10.63565,4.878165,7.177638,4.273393,5.248921,2.643584,4.310005,3.414917,10.467166
16.982553,14.765715,16.552577,18.077976,17.454004,17.9909,17.856804,17.563656,11.012251,11.0532405,10.4954495,11.7471195,11.16609,10.5739675,5.041949,7.340766,4.438322,5.416263,2.813251,4.475376,3.584279,10.4020755
17.265596,15.058714,16.828454,18.379276,17.755836,18.290748,18.149539,17.856383,11.0718805,11.118176,10.5509235,11.8140985,11.229772,10.63565,4.878165,7.177638,4.273393,5.248921,2.643584,4.310005,3.414917,10.467166
18.680809,16.523708,18.207835,19.885774,19.265,19.78999,19.613211,19.320021,12.1070555,12.176929,11.5704715,12.902031,12.292351,11.706193,5.533302,7.83015,4.933108,5.918288,3.322252,4.971491,4.092365,11.556121
19.246894,17.109706,18.759588,20.488373,19.868665,20.389686,20.19868,19.905477,12.635774,12.7146205,12.093741,13.4543425,12.833143,12.2529645,6.024654,8.319535,5.427894,6.420312,3.831253,5.467606,4.600452,12.1104695
20.096021,17.988702,19.587217,21.392272,20.774163,21.289231,21.076883,20.783659,13.0603375,13.1541185,12.5075555,13.906292,13.2722445,12.6920555,6.024654,8.319535,5.427894,6.420312,3.831253,5.467606,4.600452,12.560242
20.379064,18.281701,19.863093,21.693572,21.075996,21.58908,21.369618,21.076387,13.3656435,13.463746,12.8104225,14.224284,13.583984,13.0077815,6.352223,8.645791,5.757752,6.754996,4.170587,5.79835,4.939176,12.8798335
20.379064,18.281701,19.863093,21.693572,21.075996,21.58908,21.369618,21.076387,13.6113195,13.708438,13.0578155,14.4752965,13.8320415,13.2618245,6.843575,9.135175,6.252538,7.257021,4.679588,6.294465,5.447262,13.134334
20.662107,18.5747,20.138969,21.994871,21.377829,21.888928,21.662352,21.369115,13.834733,13.936502,13.278218,14.7096165,14.061094,13.4928695,7.007359,9.298304,6.417467,7.424362,4.849255,6.459836,5.616624,13.3690915
19.246894,17.109706,18.759588,20.488373,19.868665,20.389686,20.19868,19.905477,12.9633425,13.0408765,12.4235985,13.789026,13.1638865,12.5916885,6.679791,8.972047,6.087609,7.089679,4.509921,6.129093,5.2779,12.4498035
18.963851,16.816707,18.483712,20.187074,19.566833,20.089838,19.905946,19.612749,12.576145,12.649685,12.0382675,13.387364,12.769462,12.1912815,6.188439,8.482663,5.592823,6.587654,4.00092,5.632978,4.769814,12.045379
18.963851,16.816707,18.483712,20.187074,19.566833,20.089838,19.905946,19.612749,12.739929,12.812813,12.2031965,13.5547055,12.9348335,12.3606435,6.516007,8.808919,5.922681,6.922337,4.340254,5.963721,5.108538,12.215046
18.397766,16.230709,17.931959,19.584474,18.963167,19.490141,19.320477,19.027294,12.129318,12.193558,11.5974625,12.9187225,12.311356,11.729192,5.86087,8.156407,5.262966,6.252971,3.661586,5.302235,4.43109,11.5758635
18.963851,16.816707,18.483712,20.187074,19.566833,20.089838,19.905946,19.612749,12.4942525,12.568121,11.955803,13.303693,12.686776,12.1066005,6.024654,8.319535,5.427894,6.420312,3.831253,5.467606,4.600452,11.9605455
18.963851,16.816707,18.483712,20.187074,19.566833,20.089838,19.905946,19.612749,12.4942525,12.568121,11.955803,13.303693,12.686776,12.1066005,6.024654,8.319535,5.427894,6.420312,3.831253,5.467606,4.600452,11.9605455
19.246894,17.109706,18.759588,20.488373,19.868665,20.389686,20.19868,19.905477,12.7176665,12.7961845,12.1762055,13.5380135,12.915829,12.3376455,6.188439,8.482663,5.592823,6.587654,4.00092,5.632978,4.769814,12.195303
19.529936,17.402705,19.035464,20.789673,20.170498,20.689535,20.491415,20.198204,12.9410795,13.024248,12.396608,13.7723345,13.1448825,12.56869,6.352223,8.645791,5.757752,6.754996,4.170587,5.79835,4.939176,12.430061
20.096021,17.988702,19.587217,21.392272,20.774163,21.289231,21.076883,20.783659,13.224122,13.3172465,12.6724845,14.073634,13.4376165,12.8614175,6.352223,8.645791,5.757752,6.754996,4.170587,5.79835,4.939176,12.729909
20.945149,18.867699,20.414846,22.296171,21.679661,22.188776,21.955087,21.661842,13.894362,14.001437,13.333692,14.776596,14.124776,13.554552,6.843575,9.135175,6.252538,7.257021,4.679588,6.294465,5.447262,13.434182
20.662107,18.5747,20.138969,21.994871,21.377829,21.888928,21.662352,21.369115,13.752841,13.8549375,13.1957535,14.625946,13.9784085,13.4081885,6.843575,9.135175,6.252538,7.257021,4.679588,6.294465,5.447262,13.284258
20.662107,18.5747,20.138969,21.994871,21.377829,21.888928,21.662352,21.369115,13.752841,13.8549375,13.1957535,14.625946,13.9784085,13.4081885,6.843575,9.135175,6.252538,7.257021,4.679588,6.294465,5.447262,13.284258
20.945149,18.867699,20.414846,22.296171,21.679661,22.188776,21.955087,21.661842,13.894362,14.001437,13.333692,14.776596,14.124776,13.554552,6.843575,9.135175,6.252538,7.257021,4.679588,6.294465,5.447262,13.434182
21.228192,19.160698,20.690722,22.597471,21.981494,22.488625,22.247821,21.95457,14.1996675,14.311065,13.636559,15.0945875,14.4365145,13.8702785,7.171143,9.461432,6.582396,7.591704,5.018922,6.625208,5.785987,13.7537735
21.511234,19.453697,20.966598,22.89877,22.283327,22.788473,22.540556,22.247298,14.3411885,14.4575645,13.774497,15.245237,14.582882,14.0166425,7.171143,9.461432,6.582396,7.591704,5.018922,6.625208,5.785987,13.9036975
21.511234,19.453697,20.966598,23.567306,22.297086,24.887411,22.540556,23.914688,15.5353705,15.2959135,15.0125165,16.0433795,15.6462875,15.3198125,9.559507,11.13813,9.058435,8.519453,6.981902,8.752019,6.724937,15.9346565
19.529936,17.402705,19.035464,21.458209,20.184257,22.788473,20.491415,21.865595,14.135261,13.862597,13.6346275,14.570477,14.208288,13.871861,8.740586,10.322489,8.233791,7.682745,6.133567,7.925161,5.878127,14.46102
19.529936,17.402705,19.035464,21.458209,20.184257,22.788473,20.491415,21.865595,14.053369,13.781033,13.552163,14.486806,14.125602,13.78718,8.576802,10.159361,8.068862,7.515403,5.9639,7.759789,5.708765,14.3761865
21.129257,17.402705,21.073932,21.458209,20.184257,25.26473,23.417872,21.865595,15.535152,14.6359485,15.258287,15.6518965,16.2063895,14.601873,9.941047,11.869192,9.442642,9.845584,7.377147,8.994907,7.338151,16.3209385
20.280129,16.523709,20.246303,20.55431,19.278759,24.365185,22.539669,20.987412,15.028696,14.1148865,14.762008,15.116276,15.684602,14.0781005,9.777263,11.706064,9.277713,9.678242,7.20748,8.829535,7.168789,15.7863325
19.997086,16.23071,19.970427,20.25301,18.976926,24.065337,22.246934,20.694684,14.72339,13.8052585,14.459141,14.7982845,15.372863,13.762374,9.449694,11.379807,8.947855,9.343559,6.868146,8.498792,6.830064,15.4667415
20.846214,17.109707,20.798055,21.156909,19.882424,24.964882,23.125138,21.572867,15.147954,14.244757,14.872955,15.250234,15.811965,14.2014655,9.449694,11.379807,8.947855,9.343559,6.868146,8.498792,6.830064,15.916514
21.129257,17.402705,21.073932,21.458209,20.184257,25.26473,23.417872,21.865595,15.2894755,14.391256,15.0108935,15.400884,15.958332,14.3478295,9.449694,11.379807,8.947855,9.343559,6.868146,8.498792,6.830064,16.066438
21.978384,18.281702,21.901561,22.362107,21.089755,26.164275,24.296076,22.743778,15.8778235,14.993883,15.589637,16.0201745,16.5628055,14.9562835,9.777263,11.706064,9.277713,9.678242,7.20748,8.829535,7.168789,16.6858775
22.544469,18.8677,22.453313,22.964707,21.69342,26.763971,24.881545,23.329233,16.406542,15.531574,16.112906,16.572487,17.1035975,15.503054,10.268615,12.195448,9.772499,10.180267,7.716481,9.32565,7.676875,17.240226
22.261427,18.574701,22.177437,22.663407,21.391587,26.464123,24.58881,23.036505,16.265021,15.3850745,15.974968,16.421837,16.95723,15.35669,10.268615,12.195448,9.772499,10.180267,7.716481,9.32565,7.676875,17.090302
21.978384,18.281702,21.901561,22.362107,21.089755,26.164275,24.296076,22.743778,16.1234995,15.238575,15.83703,16.271187,16.810863,15.2103265,10.268615,12.195448,9.772499,10.180267,7.716481,9.32565,7.676875,16.940378
21.412299,17.695704,21.349808,21.759508,20.486089,25.564578,23.710607,22.158323,15.840457,14.945576,15.5611535,15.9698875,16.5181285,14.917599,10.268615,12.195448,9.772499,10.180267,7.716481,9.32565,7.676875,16.6405295
20.563171,16.816708,20.522179,20.855609,19.580591,24.665033,22.832403,21.28014,15.252109,14.34295,14.9824105,15.3505965,15.913655,14.3091455,9.941047,11.869192,9.442642,9.845584,7.377147,8.994907,7.338151,16.02109
20.280129,16.523709,20.246303,20.55431,19.278759,24.365185,22.539669,20.987412,14.946804,14.033322,14.6795435,15.0326055,15.601916,13.9934195,9.613479,11.542935,9.112784,9.510901,7.037813,8.664163,6.999427,15.701499
20.280129,16.523709,20.246303,20.55431,19.278759,24.365185,22.539669,20.987412,15.028696,14.1148865,14.762008,15.116276,15.684602,14.0781005,9.777263,11.706064,9.277713,9.678242,7.20748,8.829535,7.168789,15.7863325
20.280129,16.523709,20.246303,20.55431,19.278759,24.365185,22.539669,20.987412,14.8649115,13.951758,14.597079,14.9489345,15.5192305,13.908738,9.449694,11.379807,8.947855,9.343559,6.868146,8.498792,6.830064,15.6166655
19.431001,15.644712,19.418674,19.650411,18.373261,23.46564,21.661465,20.109229,14.4403475,13.5122595,14.1832645,14.496985,15.0801285,13.4696465,9.449694,11.379807,8.947855,9.343559,6.868146,8.498792,6.830064,15.166893
18.864916,15.058715,18.866921,19.047812,17.769595,22.865943,21.075996,19.523774,13.993521,13.056133,13.7424595,14.028344,14.622022,13.007557,9.122126,11.053551,8.617998,9.008876,6.528812,8.168048,6.49134,14.6973775
18.864916,15.058715,18.866921,19.047812,17.769595,22.865943,21.075996,19.523774,13.829737,12.893005,13.5775305,13.8610025,14.4566505,12.838195,8.794558,10.727295,8.28814,8.674193,6.189478,7.837305,6.152616,14.5277105
18.015788,14.179718,18.039292,18.143913,16.864097,21.966399,20.197793,18.645591,13.323281,12.3719425,13.081252,13.325382,13.934863,12.3144225,8.630774,10.564167,8.123212,8.506851,6.019811,7.671933,5.983254,13.993105
18.581873,14.765716,18.591045,18.746512,17.467763,22.566095,20.783262,19.231046,13.6882155,12.7465055,13.4395925,13.7103525,14.3102835,12.691831,8.794558,10.727295,8.28814,8.674193,6.189478,7.837305,6.152616,14.3777865
18.298831,14.472717,18.315169,18.445212,17.16593,22.266247,20.490527,18.938319,13.5466945,12.600006,13.3016545,13.5597025,14.163916,12.5454675,8.794558,10.727295,8.28814,8.674193,6.189478,7.837305,6.152616,14.2278625
17.449703,13.59372,17.48754,17.541313,16.260432,21.366702,19.612324,18.060136,12.876454,11.915815,12.640447,12.8567405,13.476757,11.852333,8.303205,10.23791,7.793354,8.172168,5.680477,7.34119,5.64453,13.5235895
16.883618,13.007723,16.935787,16.938714,15.656767,20.767005,19.026855,17.474681,12.5934115,11.6228165,12.3645705,12.555441,13.1840225,11.5596055,8.303205,10.23791,7.793354,8.172168,5.680477,7.34119,5.64453,13.223741
16.317533,12.421725,16.384035,16.336115,15.053101,20.167309,18.441386,16.889225,12.064693,11.0851255,11.8413015,12.003129,12.6432305,11.012834,7.811853,9.748526,7.298568,7.670143,5.171476,6.845075,5.136443,12.6693925
17.449703,13.59372,17.48754,17.541313,16.260432,21.366702,19.612324,18.060136,12.794562,11.834251,12.5579825,12.7730695,13.394071,11.7676515,8.139421,10.074782,7.628425,8.004826,5.51081,7.175818,5.475167,13.438756
17.166661,13.300722,17.211664,17.240014,15.958599,21.066854,19.31959,17.767408,12.653041,11.687752,12.4200445,12.62242,13.247704,11.6212875,8.139421,10.074782,7.628425,8.004826,5.51081,7.175818,5.475167,13.288832
17.732746,13.886719,17.763416,17.842613,16.562265,21.66655,19.905059,18.352864,13.0179755,12.0623145,12.778385,13.0073905,13.6231245,11.998697,8.303205,10.23791,7.793354,8.172168,5.680477,7.34119,5.64453,13.6735135
17.449703,13.59372,17.48754,17.541313,16.260432,21.366702,19.612324,18.060136,12.876454,11.915815,12.640447,12.8567405,13.476757,11.852333,8.303205,10.23791,7.793354,8.172168,5.680477,7.34119,5.64453,13.5235895
17.449703,13.59372,17.48754,17.541313,16.260432,21.366702,19.612324,18.060136,12.876454,11.915815,12.640447,12.8567405,13.476757,11.852333,8.303205,10.23791,7.793354,8.172168,5.680477,7.34119,5.64453,13.5235895
17.449703,13.59372,17.48754,17.541313,16.260432,21.366702,19.612324,18.060136,12.876454,11.915815,12.640447,12.8567405,13.476757,11.852333,8.303205,10.23791,7.793354,8.172168,5.680477,7.34119,5.64453,13.5235895
16.883618,13.007722,16.935787,16.938714,15.656767,20.767005,19.026855,17.47468,12.4296275,11.4596875,12.1996415,12.3880995,13.0186505,11.3902425,7.975637,9.911653,7.463496,7.837485,5.341142,7.010446,5.305805,13.0540735
17.449703,13.59372,17.48754,17.541313,16.260432,21.366702,19.612324,18.060136,12.794562,11.8342505,12.5579825,12.77307,13.394071,11.767652,8.139421,10.074781,7.628425,8.004827,5.51081,7.175818,5.475168,13.438756
17.449703,13.59372,17.48754,17.541313,16.260432,21.366702,19.612324,18.060136,12.876454,11.915815,12.640447,12.8567405,13.476757,11.852333,8.303205,10.23791,7.793354,8.172168,5.680477,7.34119,5.64453,13.5235895
17.449703,13.59372,17.48754,17.541313,16.260432,21.366702,19.612324,18.060136,12.794562,11.8342505,12.5579825,12.77307,13.394071,11.767652,8.139421,10.074781,7.628425,8.004827,5.51081,7.175818,5.475168,13.438756
17.732745,13.886718,17.763416,17.842613,16.562265,21.66655,19.905058,18.352863,13.099867,12.143878,12.860849,13.0910615,13.7058095,12.0833775,8.466989,10.401038,7.958282,8.33951,5.850144,7.506561,5.813892,13.758347
19.147958,15.351713,19.142797,19.349111,18.071428,23.165792,21.368731,19.816501,13.9712575,13.0395035,13.7154685,14.011652,14.603018,12.9845585,8.794557,10.727294,8.28814,8.674193,6.189478,7.837305,6.152616,14.677635
18.864916,15.058714,18.866921,19.047811,17.769596,22.865944,21.075996,19.523774,13.7478445,12.81144,13.495066,13.7773315,14.3739645,12.753514,8.630773,10.564166,8.123211,8.506852,6.019811,7.671933,5.983254,14.4428775
18.298831,14.472716,18.315168,18.445212,17.16593,22.266247,20.490527,18.938318,13.546694,12.600005,13.301654,13.5597025,14.163916,12.545467,8.794557,10.727294,8.28814,8.674193,6.189478,7.837305,6.152616,14.2278625
17.732745,13.886718,17.763416,17.842613,16.562265,21.66655,19.905058,18.352863,13.181759,12.225442,12.9433135,13.1747325,13.7884955,12.1680585,8.630773,10.564166,8.123211,8.506852,6.019811,7.671933,5.983254,13.8431805
16.883618,13.007722,16.935787,16.938714,15.656767,20.767005,19.026855,17.47468,12.4296275,11.4596875,12.1996415,12.3880995,13.0186505,11.3902425,7.975637,9.911653,7.463496,7.837485,5.341142,7.010446,5.305805,13.0540735
16.317533,12.421724,16.384034,16.336114,15.053102,20.167309,18.441386,16.889225,12.146585,11.1666885,11.923765,12.0867995,12.725916,11.097515,7.975637,9.911653,7.463496,7.837485,5.341142,7.010446,5.305805,12.7542255
16.03449,12.128725,16.108158,16.034815,14.751269,19.867461,18.148652,16.596498,11.759387,10.775497,11.538434,11.6851375,12.3314915,10.6971085,7.484284,9.422269,6.96871,7.33546,4.832141,6.514331,4.797719,12.349801
16.03449,12.128725,16.108158,16.034815,14.751269,19.867461,18.148652,16.596498,11.9231715,10.938625,11.7033625,11.8524795,12.4968635,10.8664705,7.811853,9.748525,7.298567,7.670144,5.171475,6.845075,5.136443,12.519468
16.317533,12.421724,16.384034,16.336114,15.053102,20.167309,18.441386,16.889225,11.9009085,10.9219965,11.676372,11.835787,12.4778585,10.843472,7.484284,9.422269,6.96871,7.33546,4.832141,6.514331,4.797719,12.499725
15.185362,11.249729,15.280529,15.130916,13.845771,18.967916,17.270448,15.718315,11.252931,10.254435,11.042155,11.1495175,11.809704,10.173336,7.3205,9.259141,6.803781,7.168119,4.662474,6.34896,4.628357,11.815195
14.053192,10.077733,14.177024,13.925717,12.63844,17.768522,16.09951,14.547404,10.3592775,9.3421805,10.160545,10.2122345,10.8934915,9.249156,6.665363,8.606628,6.144066,6.498752,3.983806,5.687473,3.950908,10.876164
13.204064,9.198737,13.349395,13.021818,11.732942,16.868977,15.221307,13.669221,9.8528215,8.8211185,9.664266,9.6766145,10.371704,8.7253835,6.501579,8.4435,5.979137,6.331411,3.814139,5.522101,3.781546,10.341558
12.921022,8.905738,13.073519,12.720519,11.43111,16.569129,14.928572,13.376494,9.5475165,8.511491,9.3613995,9.3586235,10.059965,8.409658,6.174011,8.117244,5.64928,5.996728,3.474805,5.191358,3.442822,10.021967
12.921022,8.905738,13.073519,12.720519,11.43111,16.569129,14.928572,13.376494,9.3837325,8.3483625,9.1964705,9.1912815,9.8945935,8.240296,5.846443,7.790987,5.319422,5.662044,3.135471,4.860615,3.104098,9.8523
12.354936,8.31974,12.521766,12.11792,10.827444,15.969432,14.343103,12.791038,9.1006895,8.0553635,8.920594,8.889982,9.601859,7.947568,5.846443,7.790987,5.319422,5.662044,3.135471,4.860615,3.104098,9.5524515
11.222766,7.147745,11.418261,10.912721,9.620114,14.770039,13.172165,11.620128,8.37082,7.306238,8.203913,8.120041,8.851018,7.1927505,5.518874,7.464731,4.989565,5.327361,2.796137,4.529871,2.765373,8.783088
12.071894,8.026742,12.24589,11.81662,10.525612,15.669584,14.050369,12.498311,8.713492,7.6641725,8.535263,8.4883195,9.2074345,7.547161,5.35509,7.301603,4.824636,5.160019,2.62647,4.3645,2.596011,9.148027
12.637979,8.612739,12.797642,12.419219,11.129277,16.269281,14.635838,13.083766,9.0784265,8.038735,8.8936035,8.87329,9.5828545,7.9245695,5.518874,7.464731,4.989565,5.327361,2.796137,4.529871,2.765373,9.532709
13.204064,9.198737,13.349395,13.021818,11.732942,16.868977,15.221307,13.669221,9.5252535,8.494862,9.3344085,9.341931,10.040961,8.3866595,5.846443,7.790987,5.319422,5.662044,3.135471,4.860615,3.104098,10.002224
13.487107,9.491736,13.625271,13.323118,12.034775,17.168826,15.514041,13.961949,9.830559,8.80449,9.6372755,9.659923,10.3526995,8.7023855,6.174011,8.117244,5.64928,5.996728,3.474805,5.191358,3.442822,10.3218155
12.637979,8.612739,12.797642,12.419219,11.129277,16.269281,14.635838,13.083766,9.324103,8.283427,9.1409965,9.1243025,9.830912,8.178613,6.010227,7.954115,5.484351,5.829386,3.305138,5.025986,3.27346,9.7872095
11.505809,7.440744,11.694137,11.214021,9.921946,15.069888,13.4649,11.912856,8.5123415,7.4527375,8.341851,8.270691,8.9973855,7.3391145,5.518874,7.464731,4.989565,5.327361,2.796137,4.529871,2.765373,8.9330125
10.090596,5.97575,10.314756,9.707523,8.412783,13.570646,12.001227,10.449218,7.640951,6.5571125,7.4872315,7.3501005,8.1001775,6.4379335,5.191306,7.138475,4.659707,4.992678,2.456803,4.199128,2.426649,8.0137245
7.826255,3.631759,8.107745,7.297126,5.998122,11.17186,9.659351,8.107397,6.09932,4.9772965,5.9714045,5.726548,6.5158105,4.8436175,4.372385,6.322834,3.835064,4.15597,1.608468,3.37227,1.579838,6.390164
7.826255,3.631759,8.107745,7.297126,5.998122,11.17186,9.659351,8.107397,6.09932,4.9772965,5.9714045,5.726548,6.5158105,4.8436175,4.372385,6.322834,3.835064,4.15597,1.608468,3.37227,1.579838,6.390164
6.694085,2.459763,7.00424,6.091928,4.790791,9.972467,8.488413,6.936486,5.533235,4.3912985,5.419652,5.123949,5.9303415,4.258162,4.372385,6.322834,3.835064,4.15597,1.608468,3.37227,1.579838,5.7904675
5.844957,1.580767,6.176611,5.188029,3.885293,9.072922,7.61021,6.058304,4.862995,3.7071085,4.7584445,4.420987,5.2431825,3.565028,3.881033,5.83345,3.340278,3.653945,1.099467,2.876155,1.071752,5.0861945
6.128,1.873766,6.452487,5.489328,4.187126,9.37277,7.902944,6.351031,5.0045165,3.853608,4.8963825,4.5716365,5.3895495,3.7113915,3.881033,5.83345,3.340278,3.653945,1.099467,2.876155,1.071752,5.2361185
5.844957,1.580767,6.176611,5.188029,3.885293,9.072922,7.61021,6.058304,4.6173185,3.462416,4.5110515,4.1699745,4.995125,3.310985,3.38968,5.344065,2.845492,3.15192,0.590466,2.38004,0.563666,4.831694
5.844957,1.580767,6.176611,5.188029,3.885293,9.072922,7.61021,6.058304,4.699211,3.54398,4.5935155,4.2536455,5.0778105,3.395666,3.553465,5.507193,3.01042,3.319262,0.760133,2.545411,0.733028,4.9165275
4.99583,0.70177,5.348982,4.28413,2.979795,8.173377,6.732006,5.180121,4.192755,3.0229175,4.097237,3.718025,4.556023,2.8718935,3.38968,5.344065,2.845492,3.15192,0.590466,2.38004,0.563666,4.3819215
4.99583,0.70177,5.348982,4.28413,2.979795,8.173377,6.732006,5.180121,4.110863,2.9413535,4.0147725,3.6343545,4.473337,2.787212,3.225896,5.180937,2.680563,2.984579,0.420799,2.214668,0.394303,4.297088
4.146702,-0.177226,4.521353,3.380231,2.074297,7.273832,5.853803,4.301938,3.276839,2.094035,3.188636,2.764051,3.6208065,1.9247155,2.406976,4.365296,1.855919,2.147871,-0.427536,1.38781,-0.452507,3.423148
4.429744,0.115773,4.797229,3.681531,2.37613,7.57368,6.146537,4.594666,3.500252,2.3220985,3.4090385,2.9983715,3.849859,2.1557605,2.57076,4.528424,2.020848,2.315212,-0.257869,1.553181,-0.283145,3.6579055
4.429744,0.115773,4.797229,3.681531,2.37613,7.57368,6.146537,4.594666,3.500252,2.3220985,3.4090385,2.9983715,3.849859,2.1557605,2.57076,4.528424,2.020848,2.315212,-0.257869,1.553181,-0.283145,3.6579055
4.146702,-0.177226,4.521353,3.380231,2.074297,7.273832,5.853803,4.301938,3.440623,2.2571635,3.353565,2.9313925,3.786178,2.0940775,2.734544,4.691553,2.185777,2.482554,-0.088202,1.718553,-0.113783,3.592815
3.297574,-1.056223,3.693724,2.476332,1.168799,6.374287,4.975599,3.423755,2.852275,1.6545365,2.7748215,2.3121015,3.1817045,1.485624,2.406976,4.365296,1.855919,2.147871,-0.427536,1.38781,-0.452507,2.9733755
2.448446,-1.935219,2.866095,1.572433,0.263301,5.474742,4.097396,2.545572,2.2639265,1.0519105,2.1960785,1.69281,2.577231,0.87717,2.079407,4.03904,1.526062,1.813187,-0.76687,1.057066,-0.791232,2.353936
2.165404,-2.228218,2.590219,1.271134,-0.038531,5.174894,3.804661,2.252845,1.8767295,0.6607185,1.810747,1.2911485,2.182806,0.4767635,1.588055,3.549655,1.031275,1.311163,-1.275871,0.560951,-1.299318,1.9495115
2.165404,-2.228218,2.590219,1.271134,-0.038531,5.174894,3.804661,2.252845,1.7129455,0.4975905,1.6458185,1.1238065,2.0174345,0.3074015,1.260487,3.223399,0.701418,0.976479,-1.615205,0.230208,-1.638042,1.7798445
2.448446,-1.935219,2.866095,1.572433,0.263301,5.474742,4.097396,2.545572,1.8544665,0.64409,1.7837565,1.274456,2.163802,0.453765,1.260487,3.223399,0.701418,0.976479,-1.615205,0.230208,-1.638042,1.9297685
2.448446,-1.935219,2.866095,1.572433,0.263301,5.474742,4.097396,2.545572,1.9363585,0.725654,1.866221,1.358127,2.246488,0.538446,1.424271,3.386527,0.866347,1.143821,-1.445538,0.39558,-1.46868,2.014602
2.448446,-1.935219,2.866095,1.572433,0.263301,5.474742,4.097396,2.545572,1.8544665,0.64409,1.7837565,1.274456,2.163802,0.453765,1.260487,3.223399,0.701418,0.976479,-1.615205,0.230208,-1.638042,1.9297685
1.599319,-2.814216,2.038466,0.668534,-0.642197,4.575197,3.219192,1.667389,1.429903,0.2045915,1.369942,0.8225065,1.7247,0.0146735,1.260487,3.223399,0.701418,0.976479,-1.615205,0.230208,-1.638042,1.479996
1.033234,-3.400214,1.486714,0.065935,-1.245862,3.9755,2.633723,1.081934,0.983076,-0.2515355,0.929137,0.3538655,1.266594,-0.447416,0.932918,2.897143,0.37156,0.641796,-1.954539,-0.100535,-1.976766,1.0104805
1.599319,-2.814216,2.038466,0.668534,-0.642197,4.575197,3.219192,1.667389,1.2661185,0.0414635,1.205013,0.655165,1.5593285,-0.1546885,0.932918,2.897143,0.37156,0.641796,-1.954539,-0.100535,-1.976766,1.310329
1.882361,-2.521217,2.314343,0.969834,-0.340364,4.875045,3.511927,1.960117,1.3257475,0.106399,1.2604875,0.722144,1.62301,-0.093006,0.769134,2.734015,0.206632,0.474454,-2.124206,-0.265907,-2.146129,1.3754195
1.316276,-3.107215,1.76259,0.367235,-0.944029,4.275349,2.926458,1.374662,1.4521655,0.22122,1.3969325,0.839199,1.7437045,0.037672,1.588055,3.549655,1.031275,1.311163,-1.275871,0.560951,-1.299318,1.499739
0.467148,-3.986211,0.934961,-0.536664,-1.849527,3.375804,2.048254,0.496479,0.700033,-0.544534,0.6532605,0.052566,0.9738595,-0.7401435,0.932918,2.897143,0.37156,0.641796,-1.954539,-0.100535,-1.976766,0.7106325
0.184106,-4.27921,0.659085,-0.837964,-2.15136,3.075956,1.75552,0.203751,0.312836,-0.935726,0.2679295,-0.3490965,0.5794345,-1.140551,0.441566,2.407758,-0.123226,0.139771,-2.46354,-0.596651,-2.484853,0.306208
-0.098937,-4.572209,0.383209,-1.139263,-2.453193,2.776107,1.462785,-0.088976,0.2532065,-1.000661,0.212456,-0.416075,0.515753,-1.2022335,0.60535,2.570887,0.041703,0.307113,-2.293873,-0.431279,-2.315491,0.241117
-0.665022,-5.158207,-0.168544,-1.741863,-3.056858,2.176411,0.877316,-0.674432,-0.19362,-1.4567885,-0.2283495,-0.8847165,0.057647,-1.6643235,0.277782,2.24463,-0.288155,-0.02757,-2.633207,-0.762022,-2.654215,-0.228398
-0.665022,-5.158207,-0.168544,-1.741863,-3.056858,2.176411,0.877316,-0.674432,-0.275512,-1.5383525,-0.3108135,-0.9683875,-0.025039,-1.7490045,0.113998,2.081502,-0.453083,-0.194912,-2.802874,-0.927394,-2.823577,-0.3132315
-1.231107,-5.744204,-0.720297,-2.344462,-3.660523,1.576714,0.291847,-1.259887,-0.804231,-2.076043,-0.8340835,-1.5206995,-0.565831,-2.2957755,-0.377355,1.592118,-0.94787,-0.696937,-3.311875,-1.423509,-3.331664,-0.8675805
-2.080234,-6.623201,-1.547926,-3.248361,-4.566021,0.67717,-0.586357,-2.13807,-1.2287945,-2.5155415,-1.247898,-1.972649,-1.004933,-2.734867,-0.377355,1.592118,-0.94787,-0.696937,-3.311875,-1.423509,-3.331664,-1.3173525
-2.64632,-7.209198,-2.099679,-3.85096,-5.169687,0.077473,-1.171826,-2.723525,-1.6756215,-2.971668,-1.6887035,-2.44129,-1.4630395,-3.1969565,-0.704923,1.265862,-1.277728,-1.03162,-3.651209,-1.754253,-3.670388,-1.786868
-3.77849,-8.381194,-3.203184,-5.056159,-6.377018,-1.12192,-2.342764,-3.894435,-2.487383,-3.8023585,-2.487849,-3.294902,-2.296566,-4.0364545,-1.196276,0.776477,-1.772514,-1.533645,-4.16021,-2.250368,-4.178474,-2.641065
-4.344575,-8.967191,-3.754937,-5.658758,-6.980683,-1.721617,-2.928233,-4.479891,-2.9342095,-4.258485,-2.928654,-3.763543,-2.754672,-4.4985445,-1.523844,0.450221,-2.102371,-1.868328,-4.499544,-2.581111,-4.517198,-3.1105805
-4.627618,-9.26019,-4.030813,-5.960058,-7.282516,-2.021465,-3.220967,-4.772618,-3.239515,-4.5681125,-3.231521,-4.0815345,-3.0664105,-4.8142705,-1.851412,0.123965,-2.432229,-2.203011,-4.838878,-2.911854,-4.855923,-3.4301715
-4.061532,-8.674193,-3.47906,-5.357459,-6.67885,-1.421769,-2.635498,-4.187163,-2.956472,-4.275114,-2.9556445,-3.780235,-2.773676,-4.521543,-1.851412,0.123965,-2.432229,-2.203011,-4.838878,-2.911854,-4.855923,-3.1303235
-4.344575,-8.967191,-3.754937,-5.658758,-6.980683,-1.721617,-2.928233,-4.479891,-3.2617775,-4.584741,-3.2585115,-4.0982265,-3.0854155,-4.837269,-2.17898,-0.202291,-2.762086,-2.537695,-5.178212,-3.242598,-5.194647,-3.4499145
-3.212405,-7.795196,-2.651431,-4.45356,-5.773352,-0.522224,-1.757295,-3.30898,-2.5319085,-3.8356155,-2.54183,-3.3282855,-2.3345745,-4.0824515,-1.851412,0.123965,-2.432229,-2.203011,-4.838878,-2.911854,-4.855923,-2.680551
-5.731648,-7.795196,-4.747161,-4.45356,-5.773352,1.631137,-1.757295,-3.30898,-4.897674,-2.7257175,-5.023001,-3.522152,-3.629379,-3.9870865,-4.0637,2.343761,-5.298841,-2.590744,-6.911555,-5.501463,-4.665193,-2.640209
-4.91066,-7.795196,-4.306689,-4.45356,-5.773352,1.631137,-1.757295,-3.30898,-3.6267125,-4.080308,-3.616852,-3.579298,-2.582632,-4.3364945,-2.342765,-0.36542,-2.927015,-2.705036,-5.347879,-3.407969,-5.364009,-1.858371
-6.04283,-8.967191,-5.410194,-5.658759,-6.980683,0.431744,-2.928233,-4.47989,-4.3565815,-4.8294335,-4.3335335,-4.3492395,-3.333473,-5.0913115,-2.670333,-0.691676,-3.256873,-3.03972,-5.687213,-3.738713,-5.702733,-2.6277345
-7.175001,-10.139187,-6.5137,-6.863957,-8.188014,-0.767649,-4.099171,-5.650801,-5.086451,-5.5785595,-5.050215,-5.11918,-4.0843135,-5.8461295,-2.997901,-1.017932,-3.58673,-3.374403,-6.026547,-4.069456,-6.041458,-3.397098
-7.175001,-10.139187,-6.5137,-6.863957,-8.188014,-0.767649,-4.099171,-5.650801,-5.4140195,-5.904816,-5.3800725,-5.453863,-4.415057,-6.1848535,-3.653038,-1.670445,-4.246445,-4.043769,-6.705215,-4.730943,-6.718906,-3.736432
-8.024128,-11.018183,-7.341328,-7.767856,-9.093512,-1.667194,-4.977374,-6.528984,-5.920475,-6.425878,-5.876351,-5.9894835,-4.936844,-6.708626,-3.816822,-1.833573,-4.411374,-4.211111,-6.874882,-4.896314,-6.888268,-4.271038
-8.590214,-11.604181,-7.893081,-8.370456,-9.697177,-2.266891,-5.562843,-7.114439,-6.28541,-6.800441,-6.234692,-6.374454,-5.3122645,-7.0860345,-3.980606,-1.996701,-4.576303,-4.378452,-7.044549,-5.061686,-7.05763,-4.65572
-8.873256,-11.89718,-8.168957,-8.671755,-9.99901,-2.566739,-5.855578,-7.407167,-6.508823,-7.0285045,-6.455094,-6.6087745,-5.541318,-7.31708,-4.14439,-2.159829,-4.741231,-4.545794,-7.214216,-5.227058,-7.226993,-4.8904775
-9.439341,-12.483178,-8.72071,-9.274354,-10.602675,-3.166435,-6.441047,-7.992622,-7.037542,-7.566196,-6.978364,-7.1610865,-6.08211,-7.8638505,-4.635743,-2.649214,-5.236018,-5.047819,-7.723217,-5.723173,-7.735079,-5.444826
-8.873256,-11.89718,-8.168957,-8.671755,-9.99901,-2.566739,-5.855578,-7.407167,-6.7544995,-7.273197,-6.7024875,-6.859787,-5.7893755,-7.571123,-4.635743,-2.649214,-5.236018,-5.047819,-7.723217,-5.723173,-7.735079,-5.144978
-8.024128,-11.018183,-7.341328,-7.767856,-9.093512,-1.667194,-4.977374,-6.528984,-6.4118275,-6.9152625,-6.371137,-6.491508,-5.4329595,-7.2167125,-4.799527,-2.812342,-5.400946,-5.21516,-7.892884,-5.888545,-7.904441,-4.780039
-7.458043,-10.432186,-6.789576,-7.165257,-8.489846,-1.067497,-4.391905,-5.943529,-5.9650005,-6.459136,-5.9303325,-6.022867,-4.974853,-6.754623,-4.471958,-2.486086,-5.071089,-4.880477,-7.55355,-5.557801,-7.565717,-4.3105235
-6.891958,-9.846188,-6.237823,-6.562658,-7.886181,-0.467801,-3.806436,-5.358073,-5.436282,-5.9214445,-5.407063,-5.470555,-4.434061,-6.2078515,-3.980606,-1.996701,-4.576303,-4.378452,-7.044549,-5.061686,-7.05763,-3.756175
-7.175001,-10.139187,-6.5137,-6.863957,-8.188014,-0.767649,-4.099171,-5.650801,-5.5778035,-6.067944,-5.5450015,-5.6212045,-4.5804285,-6.3542155,-3.980606,-1.996701,-4.576303,-4.378452,-7.044549,-5.061686,-7.05763,-3.906099
-7.741086,-10.725185,-7.065452,-7.466557,-8.791679,-1.367346,-4.68464,-6.236256,-6.02463,-6.524071,-5.985806,-6.0898465,-5.0385345,-6.8163055,-4.308174,-2.322957,-4.90616,-4.713136,-7.383883,-5.392429,-7.396355,-4.3756145
-7.175001,-10.139187,-6.5137,-6.863957,-8.188014,-0.767649,-4.099171,-5.650801,-5.6596955,-6.149508,-5.6274655,-5.7048755,-4.6631145,-6.438897,-4.14439,-2.159829,-4.741231,-4.545794,-7.214216,-5.227058,-7.226993,-3.9909325
-7.458043,-10.432186,-6.789576,-7.165257,-8.489846,-1.067497,-4.391905,-5.943529,-5.7193245,-6.2144435,-5.6829395,-5.7718545,-4.7267955,-6.5005795,-3.980606,-1.996701,-4.576303,-4.378452,-7.044549,-5.061686,-7.05763,-4.056023
-7.741086,-10.725185,-7.065452,-7.466557,-8.791679,-1.367346,-4.68464,-6.236256,-6.02463,-6.524071,-5.985806,-6.0898465,-5.0385345,-6.8163055,-4.308174,-2.322957,-4.90616,-4.713136,-7.383883,-5.392429,-7.396355,-4.3756145
-7.741086,-10.725185,-7.065452,-7.466557,-8.791679,-1.367346,-4.68464,-6.236256,-6.02463,-6.524071,-5.985806,-6.0898465,-5.0385345,-6.8163055,-4.308174,-2.322957,-4.90616,-4.713136,-7.383883,-5.392429,-7.396355,-4.3756145
-7.458043,-10.432186,-6.789576,-7.165257,-8.489846,-1.067497,-4.391905,-5.943529,-5.8831085,-6.3775715,-5.847868,-5.9391965,-4.892167,-6.669942,-4.308174,-2.322957,-4.90616,-4.713136,-7.383883,-5.392429,-7.396355,-4.22569
-8.024128,-11.018183,-7.341328,-7.767856,-9.093512,-1.667194,-4.977374,-6.528984,-6.166151,-6.67057,-6.123744,-6.240496,-5.1849015,-6.9626695,-4.308174,-2.322957,-4.90616,-4.713136,-7.383883,-5.392429,-7.396355,-4.5255385
-8.024128,-11.018183,-7.341328,-7.767856,-9.093512,-1.667194,-4.977374,-6.528984,-6.166151,-6.67057,-6.123744,-6.240496,-5.1849015,-6.9626695,-4.308174,-2.322957,-4.90616,-4.713136,-7.383883,-5.392429,-7.396355,-4.5255385
-8.024128,-11.018183,-7.341328,-7.767856,-9.093512,-1.667194,-4.977374,-6.528984,-6.166151,-6.67057,-6.123744,-6.240496,-5.1849015,-6.9626695,-4.308174,-2.322957,-4.90616,-4.713136,-7.383883,-5.392429,-7.396355,-4.5255385
-8.30717,-11.311182,-7.617204,-8.069156,-9.395345,-1.967042,-5.270109,-6.821712,-6.307672,-6.8170695,-6.261682,-6.391146,-5.331269,-7.1090335,-4.308174,-2.322957,-4.90616,-4.713136,-7.383883,-5.392429,-7.396355,-4.6754625
-8.024128,-11.018183,-7.341328,-7.767856,-9.093512,-1.667194,-4.977374,-6.528984,-6.3299355,-6.833698,-6.288673,-6.407838,-5.350273,-7.1320315,-4.635743,-2.649213,-5.236018,-5.04782,-7.723217,-5.723172,-7.735079,-4.6952055
-8.590213,-11.60418,-7.893081,-8.370456,-9.697178,-2.26689,-5.562843,-7.114439,-6.612978,-7.1266965,-6.5645495,-6.709138,-5.6430075,-7.424759,-4.635743,-2.649213,-5.236018,-5.04782,-7.723217,-5.723172,-7.735079,-4.9950535
-9.156298,-12.190178,-8.444833,-8.973055,-10.300843,-2.866587,-6.148312,-7.699895,-7.0598045,-7.582824,-7.005354,-7.177779,-6.101114,-7.8868495,-4.963311,-2.97547,-5.565875,-5.382503,-8.062551,-6.053916,-8.073804,-5.464569
-9.156298,-12.190178,-8.444833,-8.973055,-10.300843,-2.866587,-6.148312,-7.699895,-7.1416965,-7.664388,-7.0878185,-7.26145,-6.1837995,-7.9715305,-5.127095,-3.138598,-5.730804,-5.549845,-8.232218,-6.219287,-8.243166,-5.5494025
-9.156298,-12.190178,-8.444833,-8.973055,-10.300843,-2.866587,-6.148312,-7.699895,-6.9779125,-7.5012595,-6.9228895,-7.094108,-6.018428,-7.8021685,-4.799527,-2.812341,-5.400946,-5.215161,-7.892884,-5.888544,-7.904442,-5.3797355
-9.156298,-12.190178,-8.444833,-8.973055,-10.300843,-2.866587,-6.148312,-7.699895,-7.0598045,-7.582824,-7.005354,-7.177779,-6.101114,-7.8868495,-4.963311,-2.97547,-5.565875,-5.382503,-8.062551,-6.053916,-8.073804,-5.464569
-9.722383,-12.776176,-8.996586,-9.575654,-10.904508,-3.466284,-6.733781,-8.28535,-7.342847,-7.875823,-7.2812305,-7.4790785,-6.3938485,-8.179577,-4.963311,-2.97547,-5.565875,-5.382503,-8.062551,-6.053916,-8.073804,-5.7644175
-10.005426,-13.069175,-9.272462,-9.876954,-11.206341,-3.766132,-7.026516,-8.578077,-7.5662605,-8.1038865,-7.501633,-7.7133995,-6.6229015,-8.4106215,-5.127095,-3.138598,-5.730804,-5.549845,-8.232218,-6.219287,-8.243166,-5.999175
-10.288468,-13.362174,-9.548338,-10.178253,-11.508174,-4.06598,-7.31925,-8.870805,-7.7077815,-8.250386,-7.639571,-7.864049,-6.7692685,-8.5569855,-5.127095,-3.138598,-5.730804,-5.549845,-8.232218,-6.219287,-8.243166,-6.149099
-10.571511,-13.655172,-9.824215,-10.479553,-11.810006,-4.365829,-7.611985,-9.163533,-8.1768715,-8.723141,-8.107367,-8.349382,-7.2463795,-9.0420735,-5.782232,-3.79111,-6.390519,-6.219211,-8.910886,-6.880774,-8.920614,-6.6383575
-11.137596,-14.24117,-10.375967,-11.082152,-12.413672,-4.965525,-8.197454,-9.748988,-8.459914,-9.01614,-8.383243,-8.6506815,-7.539114,-9.334801,-5.782232,-3.79111,-6.390519,-6.219211,-8.910886,-6.880774,-8.920614,-6.9382055
-11.137596,-14.24117,-10.375967,-11.082152,-12.413672,-4.965525,-8.197454,-9.748988,-8.541806,-9.097704,-8.4657075,-8.7343525,-7.6218,-9.419482,-5.946016,-3.954238,-6.555448,-6.386553,-9.080553,-7.046146,-9.089976,-7.023039
-10.854553,-13.948171,-10.100091,-10.780853,-12.111839,-4.665677,-7.904719,-9.45626,-8.4002845,-8.9512045,-8.3277695,-8.583703,-7.4754325,-9.273118,-5.946016,-3.954238,-6.555448,-6.386553,-9.080553,-7.046146,-9.089976,-6.873115
-10.571511,-13.655172,-9.824215,-10.479553,-11.810006,-4.365829,-7.611985,-9.163533,-8.0949795,-8.641577,-8.0249025,-8.265711,-7.1636935,-8.9573925,-5.618448,-3.627982,-6.22559,-6.051869,-8.741219,-6.715402,-8.751252,-6.553524
-10.854553,-13.948171,-10.100091,-10.780853,-12.111839,-4.665677,-7.904719,-9.45626,-8.3183925,-8.8696405,-8.245305,-8.500032,-7.3927465,-9.188437,-5.782232,-3.79111,-6.390519,-6.219211,-8.910886,-6.880774,-8.920614,-6.7882815
-11.420639,-14.534169,-10.651844,-11.383452,-12.715504,-5.265374,-8.490188,-10.041715,-8.7652195,-9.325768,-8.68611,-8.968673,-7.8508525,-9.650527,-6.1098,-4.117367,-6.720376,-6.553894,-9.25022,-7.211517,-9.259339,-7.257797
-11.986724,-15.120167,-11.203596,-11.986051,-13.31917,-5.86507,-9.075657,-10.627171,-9.048262,-9.618767,-8.961986,-9.2699725,-8.143587,-9.943255,-6.1098,-4.117367,-6.720376,-6.553894,-9.25022,-7.211517,-9.259339,-7.557645
-12.835851,-15.999163,-12.031225,-12.88995,-14.224668,-6.764615,-9.953861,-11.505354,-9.4728255,-10.058265,-9.3758005,-9.721922,-8.582689,-10.3823465,-6.1098,-4.117367,-6.720376,-6.553894,-9.25022,-7.211517,-9.259339,-8.0074175
-13.118894,-16.292162,-12.307101,-13.19125,-14.5265,-7.064463,-10.246595,-11.798081,-9.860023,-10.4494565,-9.761132,-10.1235845,-8.9771135,-10.782753,-6.601152,-4.606751,-7.215163,-7.055919,-9.759221,-7.707632,-9.767425,-8.411842
-13.401937,-16.585161,-12.582978,-13.492549,-14.828333,-7.364312,-10.53933,-12.090809,-10.0015445,-10.595956,-9.8990705,-10.274234,-9.123481,-10.929117,-6.601152,-4.606751,-7.215163,-7.055919,-9.759221,-7.707632,-9.767425,-8.5617665
-13.401937,-16.585161,-12.582978,-13.492549,-14.828333,-7.364312,-10.53933,-12.090809,-10.165329,-10.759084,-10.063999,-10.4415755,-9.288853,-11.098479,-6.928721,-4.933007,-7.54502,-7.390602,-10.098555,-8.038376,-10.106149,-8.7314335
-13.118894,-16.292162,-12.307101,-13.19125,-14.5265,-7.064463,-10.246595,-11.798081,-10.0238075,-10.6125845,-9.9260605,-10.290926,-9.1424855,-10.952115,-6.928721,-4.933007,-7.54502,-7.390602,-10.098555,-8.038376,-10.106149,-8.581509
-13.118894,-16.292162,-12.307101,-13.19125,-14.5265,-7.064463,-10.246595,-11.798081,-10.0238075,-10.6125845,-9.9260605,-10.290926,-9.1424855,-10.952115,-6.928721,-4.933007,-7.54502,-7.390602,-10.098555,-8.038376,-10.106149,-8.581509
-13.684979,-16.87816,-12.858854,-13.793849,-15.130166,-7.66416,-10.832064,-12.383536,-10.470634,-11.068712,-10.366866,-10.7595675,-9.6005915,-11.414205,-7.256289,-5.259264,-7.874878,-7.725286,-10.437889,-8.369119,-10.444874,-9.0510245
-13.684979,-16.87816,-12.858854,-13.793849,-15.130166,-7.66416,-10.832064,-12.383536,-10.470634,-11.068712,-10.366866,-10.7595675,-9.6005915,-11.414205,-7.256289,-5.259264,-7.874878,-7.725286,-10.437889,-8.369119,-10.444874,-9.0510245
-14.817149,-18.050155,-13.962359,-14.999047,-16.337496,-8.863553,-12.003002,-13.554447,-11.200503,-11.8178375,-11.083547,-11.529508,-10.351432,-12.1690225,-7.583857,-5.58552,-8.204735,-8.059969,-10.777223,-8.699862,-10.783598,-9.820388
-15.100192,-18.343154,-14.238236,-15.300347,-16.639329,-9.163402,-12.295736,-13.847174,-11.505809,-12.127465,-11.3864145,-11.8474995,-10.663171,-12.484748,-7.911426,-5.911776,-8.534593,-8.394652,-11.116557,-9.030606,-11.122322,-10.1399795
-15.666277,-18.929152,-14.789988,-15.902946,-17.242994,-9.763098,-12.881205,-14.43263,-11.9526355,-12.5835925,-11.827219,-12.3161405,-11.121277,-12.946838,-8.238994,-6.238033,-8.86445,-8.729335,-11.455891,-9.361349,-11.461046,-10.6094945
-16.798447,-20.101147,-15.893493,-17.108145,-18.450325,-10.962491,-14.052143,-15.60354,-12.7643965,-13.414282,-12.6263645,-13.1697525,-11.9548035,-13.7863365,-8.730346,-6.727417,-9.359236,-9.23136,-11.964892,-9.857464,-11.969133,-11.4636915
-17.08149,-20.394146,-16.16937,-17.409444,-18.752158,-11.26234,-14.344878,-15.896268,-13.1515945,-13.805474,-13.0116965,-13.5714145,-12.3492285,-14.1867435,-9.221699,-7.216802,-9.854023,-9.733385,-12.473893,-10.353579,-12.477219,-11.8681165
-17.08149,-20.394146,-16.16937,-17.409444,-18.752158,-11.26234,-14.344878,-15.896268,-13.1515945,-13.805474,-13.0116965,-13.5714145,-12.3492285,-14.1867435,-9.221699,-7.216802,-9.854023,-9.733385,-12.473893,-10.353579,-12.477219,-11.8681165
-17.08149,-20.394146,-16.16937,-19.072547,-18.187942,-11.26234,-14.344878,-15.896268,-13.1515945,-13.805474,-13.0116965,-15.7576235,-13.5100005,-15.302632,-9.221699,-7.216802,-9.854023,-12.4427,-14.855736,-12.675123,-14.708996,-13.059038
-17.364533,-20.687145,-16.445246,-19.373846,-18.489774,-11.562189,-14.637613,-16.188995,-13.1293315,-13.7888455,-12.984706,-15.7409315,-13.4909965,-15.2796335,-8.89413,-6.890546,-9.524166,-12.108017,-14.516402,-12.34438,-14.370272,-13.0392955
-17.08149,-20.394146,-16.16937,-19.072547,-18.187942,-11.26234,-14.344878,-15.896268,-13.0697025,-13.72391,-12.9292325,-15.673953,-13.4273145,-15.217951,-9.057915,-7.053674,-9.689095,-12.275359,-14.686069,-12.509751,-14.539634,-12.9742045
-17.08149,-20.394146,-16.16937,-19.072547,-18.187942,-11.26234,-14.344878,-15.896268,-12.98781,-13.642346,-12.846768,-15.590282,-13.344629,-15.13327,-8.89413,-6.890546,-9.524166,-12.108017,-14.516402,-12.34438,-14.370272,-12.889371
-17.08149,-20.394146,-16.16937,-19.072547,-18.187942,-11.26234,-14.344878,-15.896268,-13.1515945,-13.805474,-13.0116965,-15.7576235,-13.5100005,-15.302632,-9.221699,-7.216802,-9.854023,-12.4427,-14.855736,-12.675123,-14.708996,-13.059038
-17.08149,-20.394146,-16.16937,-19.072547,-18.187942,-11.26234,-14.344878,-15.896268,-13.0697025,-13.72391,-12.9292325,-15.673953,-13.4273145,-15.217951,-9.057915,-7.053674,-9.689095,-12.275359,-14.686069,-12.509751,-14.539634,-12.9742045
-17.647576,-20.980144,-16.721122,-19.675146,-18.791607,-11.862037,-14.930347,-16.481723,-13.3527455,-14.016909,-13.2051085,-15.9752525,-13.720049,-15.5106785,-9.057915,-7.053674,-9.689095,-12.275359,-14.686069,-12.509751,-14.539634,-13.274053
-18.496703,-21.85914,-17.548751,-20.579045,-19.697105,-12.761582,-15.808551,-17.359906,-14.022985,-14.701099,-13.866316,-16.678214,-14.4072085,-16.2038135,-9.549267,-7.543058,-10.183881,-12.777383,-15.19507,-13.005866,-15.047721,-13.978326
-19.062788,-22.445138,-18.100504,-21.181644,-20.30077,-13.361278,-16.39402,-17.945361,-14.4698115,-15.157226,-14.307121,-17.1468555,-14.865315,-16.665903,-9.876835,-7.869314,-10.513738,-13.112067,-15.534404,-13.33661,-15.386445,-14.447841
-19.345831,-22.738137,-18.37638,-21.482944,-20.602603,-13.661127,-16.686754,-18.238089,-14.8570095,-15.548418,-14.6924525,-17.5485175,-15.2597395,-17.06631,-10.368188,-8.358699,-11.008525,-13.614091,-16.043405,-13.832725,-15.894531,-14.852266
-17.930618,-21.273143,-16.996999,-19.976446,-19.09344,-12.161885,-15.223082,-16.774451,-13.8218345,-14.4896645,-13.6729045,-16.4605855,-14.19716,-15.995767,-9.713051,-7.706186,-10.34881,-12.944725,-15.364737,-13.171238,-15.217083,-13.763311
-18.496703,-21.85914,-17.548751,-20.579045,-19.697105,-12.761582,-15.808551,-17.359906,-14.186769,-14.864227,-14.0312445,-16.845556,-14.5725805,-16.3731755,-9.876835,-7.869314,-10.513738,-13.112067,-15.534404,-13.33661,-15.386445,-14.147993
-18.496703,-21.85914,-17.548751,-20.579045,-19.697105,-12.761582,-15.808551,-17.359906,-14.186769,-14.864227,-14.0312445,-16.845556,-14.5725805,-16.3731755,-9.876835,-7.869314,-10.513738,-13.112067,-15.534404,-13.33661,-15.386445,-14.147993
-18.496703,-21.85914,-17.548751,-20.579045,-19.697105,-12.761582,-15.808551,-17.359906,-14.104877,-14.782663,-13.9487805,-16.761885,-14.4898945,-16.2884945,-9.713051,-7.706186,-10.34881,-12.944725,-15.364737,-13.171238,-15.217083,-14.0631595
-17.364533,-20.687145,-16.445246,-19.373846,-18.489774,-11.562189,-14.637613,-16.188995,-13.4569,-14.1151015,-13.3145635,-16.0756145,-13.8217395,-15.618358,-9.549267,-7.543058,-10.183881,-12.777383,-15.19507,-13.005866,-15.047721,-13.3786295
-15.94932,-19.222151,-15.065865,-17.867348,-16.980611,-10.062947,-13.17394,-14.725357,-12.5036175,-13.1379125,-12.37748,-15.0713535,-12.8418455,-14.6324955,-9.057915,-7.053674,-9.689095,-12.275359,-14.686069,-12.509751,-14.539634,-12.374508
-15.383235,-18.636153,-14.514112,-17.264749,-16.376945,-9.46325,-12.588471,-14.139902,-11.9748985,-12.600221,-11.85421,-14.5190415,-12.3010535,-14.085725,-8.566562,-6.564289,-9.194308,-11.773334,-14.177068,-12.013636,-14.031548,-11.820159
-14.534107,-17.757156,-13.686483,-16.36085,-15.471447,-8.563705,-11.710268,-13.261719,-11.2227665,-11.8344665,-11.110538,-13.7324085,-11.531209,-13.307909,-7.911426,-5.911777,-8.534593,-11.103967,-13.4984,-11.35215,-13.354099,-11.0310525
-14.251065,-17.464157,-13.410607,-16.059551,-15.169615,-8.263857,-11.417533,-12.968992,-11.0812455,-11.687967,-10.9726,-13.581759,-11.3848415,-13.1615455,-7.911426,-5.911777,-8.534593,-11.103967,-13.4984,-11.35215,-13.354099,-10.8811285
-13.118894,-16.292162,-12.307102,-14.854352,-13.962284,-7.064464,-10.246595,-11.798081,-10.2694835,-10.857277,-10.1734545,-12.728147,-10.551315,-12.322047,-7.420073,-5.422392,-8.039807,-10.601942,-12.989399,-10.856035,-12.846013,-10.0269315
-12.835852,-15.999163,-12.031225,-14.553052,-13.660451,-6.764616,-9.953861,-11.505354,-9.8822865,-10.4660855,-9.788123,-12.326485,-10.1568905,-11.9216405,-6.928721,-4.933008,-7.545021,-10.099918,-12.480398,-10.35992,-12.337927,-9.622507
-12.835852,-15.999163,-12.031225,-14.553052,-13.660451,-6.764616,-9.953861,-11.505354,-9.718502,-10.302957,-9.623194,-12.159143,-9.9915185,-11.752278,-6.601152,-4.606751,-7.215163,-9.765234,-12.141064,-10.029176,-11.999202,-9.45284
-12.269767,-15.413166,-11.479473,-13.950453,-13.056786,-6.164919,-9.368392,-10.919898,-9.599244,-10.173087,-9.512247,-12.0251855,-9.864156,-11.6289125,-6.928721,-4.933008,-7.545021,-10.099918,-12.480398,-10.35992,-12.337927,-9.3226585
-12.835852,-15.999163,-12.031225,-14.553052,-13.660451,-6.764616,-9.953861,-11.505354,-9.718502,-10.302957,-9.623194,-12.159143,-9.9915185,-11.752278,-6.601152,-4.606751,-7.215163,-9.765234,-12.141064,-10.029176,-11.999202,-9.45284
-13.118894,-16.292162,-12.307102,-14.854352,-13.962284,-7.064464,-10.246595,-11.798081,-9.860023,-10.4494565,-9.7611325,-12.309793,-10.1378855,-11.8986415,-6.601152,-4.606751,-7.215163,-9.765234,-12.141064,-10.029176,-11.999202,-9.602764
-13.401937,-16.585161,-12.582978,-15.155652,-14.264117,-7.364312,-10.53933,-12.090809,-10.165329,-10.7590845,-10.0639995,-12.627785,-10.449625,-12.214368,-6.928721,-4.933008,-7.545021,-10.099918,-12.480398,-10.35992,-12.337927,-9.922355
-13.118894,-16.292162,-12.307102,-14.854352,-13.962284,-7.064464,-10.246595,-11.798081,-9.941915,-10.5310205,-9.843597,-12.393464,-10.2205715,-11.9833225,-6.764936,-4.769879,-7.380092,-9.932576,-12.310731,-10.194548,-12.168564,-9.6875975
-12.269767,-15.413166,-11.479473,-13.950453,-13.056786,-6.164919,-9.368392,-10.919898,-9.2716755,-9.8468305,-9.1823895,-11.690502,-9.5334125,-11.290188,-6.273584,-4.280495,-6.885306,-9.430551,-11.80173,-9.698433,-11.660478,-8.9833245
-12.552809,-15.706164,-11.755349,-14.251753,-13.358619,-6.464767,-9.661127,-11.212626,-9.5769805,-10.1564575,-9.485256,-12.0084935,-9.8451515,-11.605914,-6.601152,-4.606751,-7.215163,-9.765234,-12.141064,-10.029176,-11.999202,-9.3029155
-12.552809,-15.706164,-11.755349,-14.251753,-13.358619,-6.464767,-9.661127,-11.212626,-9.5769805,-10.1564575,-9.485256,-12.0084935,-9.8451515,-11.605914,-6.601152,-4.606751,-7.215163,-9.765234,-12.141064,-10.029176,-11.999202,-9.3029155
-12.552809,-15.706164,-11.755349,-14.251753,-13.358619,-6.464767,-9.661127,-11.212626,-9.4131965,-9.9933295,-9.3203275,-11.841152,-9.67978,-11.436552,-6.273584,-4.280495,-6.885306,-9.430551,-11.80173,-9.698433,-11.660478,-9.1332485
-12.269767,-15.413166,-11.479473,-13.950453,-13.056786,-6.164919,-9.368392,-10.919898,-9.2716755,-9.8468305,-9.1823895,-11.690502,-9.5334125,-11.290188,-6.273584,-4.280495,-6.885306,-9.430551,-11.80173,-9.698433,-11.660478,-8.9833245
-12.269767,-15.413166,-11.479473,-13.950453,-13.056786,-6.164919,-9.368392,-10.919898,-9.2716755,-9.8468305,-9.1823895,-11.690502,-9.5334125,-11.290188,-6.273584,-4.280495,-6.885306,-9.430551,-11.80173,-9.698433,-11.660478,-8.9833245
-12.269767,-15.413166,-11.479473,-13.950453,-13.056786,-6.164919,-9.368392,-10.919898,-9.2716755,-9.8468305,-9.1823895,-11.690502,-9.5334125,-11.290188,-6.273584,-4.280495,-6.885306,-9.430551,-11.80173,-9.698433,-11.660478,-8.9833245
-11.986724,-15.120167,-11.203597,-13.649153,-12.754953,-5.865071,-9.075657,-10.62717,-9.130154,-9.700331,-9.0444515,-11.539852,-9.387045,-11.143824,-6.273584,-4.280495,-6.885306,-9.430551,-11.80173,-9.698433,-11.660478,-8.8334005
-11.420639,-14.534169,-10.651844,-13.046554,-12.151288,-5.265374,-8.490188,-10.041715,-8.8471115,-9.407332,-8.768575,-11.2385525,-9.0943105,-10.8510965,-6.273584,-4.280495,-6.885306,-9.430551,-11.80173,-9.698433,-11.660478,-8.533552
-11.420639,-14.534169,-10.651844,-13.046554,-12.151288,-5.265374,-8.490188,-10.041715,-8.6833275,-9.244204,-8.6036465,-11.0712105,-8.928939,-10.681734,-5.946016,-3.954239,-6.555449,-9.095867,-11.462396,-9.36769,-11.321753,-8.363885
-11.137597,-14.24117,-10.375968,-12.745254,-11.849455,-4.965526,-8.197454,-9.748988,-8.7055905,-9.2608325,-8.630637,-11.0879025,-8.9479435,-10.704733,-6.273584,-4.280495,-6.885306,-9.430551,-11.80173,-9.698433,-11.660478,-8.383628
-10.854554,-13.948172,-10.100092,-12.443955,-11.547622,-4.665678,-7.904719,-9.45626,-8.236501,-8.7880775,-8.1628415,-10.6025695,-8.470833,-10.2196445,-5.618448,-3.627983,-6.225591,-8.761184,-11.123062,-9.036947,-10.983029,-7.89437
-10.005426,-13.069175,-9.272463,-11.540056,-10.642124,-3.766133,-7.026516,-8.578077,-7.811937,-8.348579,-7.749027,-10.15062,-8.0317315,-9.780553,-5.618448,-3.627983,-6.225591,-8.761184,-11.123062,-9.036947,-10.983029,-7.4445975
-9.722384,-12.776176,-8.996586,-11.238756,-10.340292,-3.466285,-6.733781,-8.285349,-7.5066315,-8.0389515,-7.44616,-9.8326285,-7.719992,-9.464827,-5.290879,-3.301727,-5.895734,-8.426501,-10.783728,-8.706203,-10.644305,-7.1250065
-10.005426,-13.069175,-9.272463,-11.540056,-10.642124,-3.766133,-7.026516,-8.578077,-7.5662605,-8.1038865,-7.501634,-9.8996075,-7.783674,-9.52651,-5.127095,-3.138598,-5.730805,-8.259159,-10.614061,-8.540832,-10.474943,-7.190097
-9.722384,-12.776176,-8.996586,-11.238756,-10.340292,-3.466285,-6.733781,-8.285349,-7.670416,-8.2020795,-7.6110885,-9.99997,-7.885364,-9.634189,-5.618448,-3.627983,-6.225591,-8.761184,-11.123062,-9.036947,-10.983029,-7.2946735
-9.439341,-12.483177,-8.72071,-10.937457,-10.038459,-3.166436,-6.441047,-7.992622,-7.283218,-7.8108875,-7.2257575,-9.598308,-7.4909395,-9.2337825,-5.127095,-3.138598,-5.730805,-8.259159,-10.614061,-8.540832,-10.474943,-6.8902485
-9.156299,-12.190178,-8.444834,-10.636157,-9.736626,-2.866588,-6.148312,-7.699894,-6.977913,-7.50126,-6.922891,-9.2803165,-7.1792,-8.918056,-4.799527,-2.812342,-5.400948,-7.924476,-10.274727,-8.210088,-10.136218,-6.5706575
-8.873256,-11.89718,-8.168957,-10.334857,-9.434794,-2.56674,-5.855578,-7.407167,-6.9182835,-7.436325,-6.8674165,-9.2133375,-7.115519,-8.856374,-4.963311,-2.97547,-5.565876,-8.091818,-10.444394,-8.37546,-10.305581,-6.505567
-9.156299,-12.190178,-8.444834,-10.636157,-9.736626,-2.866588,-6.148312,-7.699894,-6.977913,-7.50126,-6.922891,-9.2803165,-7.1792,-8.918056,-4.799527,-2.812342,-5.400948,-7.924476,-10.274727,-8.210088,-10.136218,-6.5706575
-8.590214,-11.604181,-7.893081,-10.033558,-9.132961,-2.266891,-5.562843,-7.114439,-6.6948705,-7.2082615,-6.6470145,-8.979017,-6.8864655,-8.6253285,-4.799527,-2.812342,-5.400948,-7.924476,-10.274727,-8.210088,-10.136218,-6.270809
-8.024128,-11.018183,-7.341329,-9.430958,-8.529296,-1.667195,-4.977374,-6.528984,-6.166151,-6.6705705,-6.123745,-8.4267045,-6.3456735,-8.078558,-4.308174,-2.322958,-4.906161,-7.422451,-9.765726,-7.713973,-9.628132,-5.7164605
-7.175001,-10.139187,-6.5137,-8.52706,-7.623798,-0.76765,-4.099171,-5.650801,-5.5778035,-6.067944,-5.545002,-7.807414,-5.7412005,-7.4701045,-3.980606,-1.996701,-4.576304,-7.087768,-9.426391,-7.38323,-9.289408,-5.0970205
-5.759788,-8.674192,-5.134318,-7.020561,-6.114634,0.731592,-2.635498,-4.187163,-4.706413,-5.1723185,-4.690382,-6.886823,-4.843992,-6.568923,-3.653038,-1.670445,-4.246446,-6.753085,-9.087057,-7.052486,-8.950683,-4.1777325
-4.627618,-7.502197,-4.030813,-5.815363,-4.907304,1.930985,-1.46456,-3.016252,-3.5670835,-4.0153725,-3.561379,-5.6985285,-3.6797225,-5.3907005,-2.506549,-0.528548,-3.091945,-5.581694,-7.899388,-5.894885,-7.765149,-2.9842015
-4.627618,-7.502197,-4.030813,-5.815363,-4.907304,1.930985,-1.46456,-3.016252,-3.321407,-3.77068,-3.313986,-5.447516,-3.431665,-5.136657,-2.015196,-0.039163,-2.597159,-5.079669,-7.390387,-5.39877,-7.257062,-2.729701
-5.476745,-8.381193,-4.858442,-6.719262,-5.812802,1.03144,-2.342764,-3.894435,-3.909755,-4.3733065,-3.892729,-6.066807,-4.0361385,-5.7451105,-2.342765,-0.36542,-2.927016,-5.414352,-7.729721,-5.729513,-7.595786,-3.3491405
-5.759788,-8.674192,-5.134318,-7.020561,-6.114634,0.731592,-2.635498,-4.187163,-4.2150605,-4.682934,-4.195596,-6.384798,-4.347877,-6.060837,-2.670333,-0.691676,-3.256874,-5.749035,-8.069055,-6.060256,-7.934511,-3.6687315
-6.891958,-9.846188,-6.237823,-8.22576,-7.321965,-0.467802,-3.806436,-5.358073,-5.108714,-5.5951885,-5.077206,-7.322081,-5.2640895,-6.985016,-3.32547,-1.344189,-3.916589,-6.418402,-8.747723,-6.721743,-8.611959,-4.6077625
-5.759788,-8.674192,-5.134318,-7.020561,-6.114634,0.731592,-2.635498,-4.187163,-4.4607365,-4.927626,-4.442989,-6.6358105,-4.5959345,-6.31488,-3.161685,-1.18106,-3.75166,-6.25106,-8.578056,-6.556371,-8.442597,-3.923232
-4.627618,-7.502197,-4.030813,-5.815363,-4.907304,1.930985,-1.46456,-3.016252,-3.7308675,-4.1785005,-3.726308,-5.86587,-3.845094,-5.5600625,-2.834117,-0.854804,-3.421803,-5.916377,-8.238722,-6.225628,-8.103873,-3.1538685
-3.212405,-6.037203,-2.651431,-4.308865,-3.39814,3.430227,-0.000888,-1.552614,-2.6138005,-3.038183,-2.624295,-4.694267,-2.699829,-4.404838,-2.015196,-0.039163,-2.597159,-5.079669,-7.390387,-5.39877,-7.257062,-1.98008
-3.77849,-6.6232,-3.203184,-4.911464,-4.001806,2.83053,-0.586357,-2.138069,-2.896843,-3.3311815,-2.9001715,-4.9955665,-2.9925635,-4.6975655,-2.015196,-0.039163,-2.597159,-5.079669,-7.390387,-5.39877,-7.257062,-2.2799285
-3.495447,-6.330202,-2.927308,-4.610164,-3.699973,3.130378,-0.293622,-1.845342,-2.5915375,-3.0215545,-2.5973045,-4.677575,-2.680824,-4.38184,-1.687628,0.287093,-2.267301,-4.744986,-7.051053,-5.068026,-6.918338,-1.9603375
-2.64632,-5.451205,-2.099679,-3.706266,-2.794475,4.029923,0.584581,-0.967159,-1.921298,-2.337364,-1.936097,-3.9746135,-1.993665,-3.688705,-1.196276,0.776477,-1.772515,-4.242961,-6.542052,-4.571911,-6.410251,-1.2560645
-2.64632,-5.451205,-2.099679,-3.706266,-2.794475,4.029923,0.584581,-0.967159,-1.921298,-2.337364,-1.936097,-3.9746135,-1.993665,-3.688705,-1.196276,0.776477,-1.772515,-4.242961,-6.542052,-4.571911,-6.410251,-1.2560645
-2.363278,-5.158207,-1.823803,-3.404967,-2.492642,4.329772,0.877315,-0.674432,-1.697885,-2.109301,-1.7156945,-3.740293,-1.764612,-3.4576605,-1.032492,0.939605,-1.607586,-4.075619,-6.372385,-4.406539,-6.240889,-1.0213065
-2.080235,-4.865208,-1.547927,-3.103667,-2.19081,4.62962,1.17005,-0.381704,-1.6382555,-2.0443655,-1.660221,-3.673314,-1.7009305,-3.3959775,-1.196276,0.776477,-1.772515,-4.242961,-6.542052,-4.571911,-6.410251,-0.956216
-2.363278,-5.158207,-1.823803,-3.404967,-2.492642,4.329772,0.877315,-0.674432,-1.615993,-2.027737,-1.63323,-3.656622,-1.6819265,-3.3729795,-0.868708,1.102733,-1.442657,-3.908277,-6.202718,-4.241168,-6.071527,-0.936473
-1.51415,-4.27921,-0.996174,-2.501068,-1.587144,5.229317,1.755519,0.203751,-1.027645,-1.4251105,-1.054487,-3.037331,-1.0774525,-2.764526,-0.54114,1.428989,-1.1128,-3.573594,-5.863384,-3.910424,-5.732803,-0.3170335
-1.51415,-4.27921,-0.996174,-2.501068,-1.587144,5.229317,1.755519,0.203751,-1.109537,-1.5066745,-1.1369515,-3.121002,-1.1601385,-2.849207,-0.704924,1.265861,-1.277729,-3.740936,-6.033051,-4.075796,-5.902165,-0.401867
-1.51415,-4.27921,-0.996174,-2.501068,-1.587144,5.229317,1.755519,0.203751,-1.027645,-1.4251105,-1.054487,-3.037331,-1.0774525,-2.764526,-0.54114,1.428989,-1.1128,-3.573594,-5.863384,-3.910424,-5.732803,-0.3170335
-1.797192,-4.572209,-1.27205,-2.802367,-1.888977,4.929468,1.462784,-0.088976,-1.33295,-1.734738,-1.3573535,-3.355322,-1.389192,-3.0802515,-0.868708,1.102733,-1.442657,-3.908277,-6.202718,-4.241168,-6.071527,-0.636625
-0.665022,-3.400214,-0.168545,-1.597169,-0.681646,6.128862,2.633722,1.081934,-0.439297,-0.822484,-0.4757435,-2.41804,-0.4729795,-2.156072,-0.213572,1.755246,-0.782942,-3.238911,-5.52405,-3.579681,-5.394078,0.302406
-1.231107,-3.986211,-0.720298,-2.199768,-1.285312,5.529165,2.048253,0.496479,-0.8042315,-1.197047,-0.8340845,-2.80301,-0.8484,-2.533481,-0.377356,1.592117,-0.947871,-3.406252,-5.693717,-3.745053,-5.563441,-0.082276
-1.51415,-4.27921,-0.996174,-2.501068,-1.587144,5.229317,1.755519,0.203751,-0.945753,-1.3435465,-0.9720225,-2.95366,-0.994767,-2.679845,-0.377356,1.592117,-0.947871,-3.406252,-5.693717,-3.745053,-5.563441,-0.2322
-1.231107,-3.986211,-0.720298,-2.199768,-1.285312,5.529165,2.048253,0.496479,-0.8042315,-1.197047,-0.8340845,-2.80301,-0.8484,-2.533481,-0.377356,1.592117,-0.947871,-3.406252,-5.693717,-3.745053,-5.563441,-0.082276
-0.948065,-3.693212,-0.444421,-1.898468,-0.983479,5.829013,2.340988,0.789207,-0.498926,-0.887419,-0.5312175,-2.4850185,-0.5366605,-2.2177545,-0.049787,1.918374,-0.618014,-3.071569,-5.354383,-3.414309,-5.224716,0.237315
-0.098937,-2.814216,0.383208,-0.99457,-0.077981,6.728558,3.219191,1.667389,0.171314,-0.203229,0.1299905,-1.782057,0.1504985,-1.5246205,0.441565,2.407758,-0.123227,-2.569544,-4.845382,-2.918194,-4.71663,0.941588
0.184106,-2.521217,0.659084,-0.69327,0.223852,7.028406,3.511926,1.960117,0.2309435,-0.1382935,0.185464,-1.715078,0.21418,-1.4629375,0.277781,2.24463,-0.288156,-2.736886,-5.015049,-3.083566,-4.885992,1.0066785
1.033233,-1.64222,1.486713,0.210629,1.12935,7.927951,4.390129,2.8383,0.901183,0.5458975,0.8466715,-1.012116,0.901339,-0.769803,0.769133,2.734015,0.20663,-2.234861,-4.506048,-2.587451,-4.377906,1.7109515
1.033233,-1.64222,1.486713,0.210629,1.12935,7.927951,4.390129,2.8383,1.0649675,0.7090255,1.0116005,-0.8447745,1.0667105,-0.6004405,1.096702,3.060271,0.536488,-1.900178,-4.166714,-2.256708,-4.039181,1.8806185
0.750191,-1.935219,1.210836,-0.090671,0.827517,7.628103,4.097395,2.545572,0.759662,0.399398,0.708733,-1.162766,0.754972,-0.916167,0.769133,2.734015,0.20663,-2.234861,-4.506048,-2.587451,-4.377906,1.5610275
1.316276,-1.349222,1.762589,0.511929,1.431182,8.2278,4.682863,3.131027,1.0427045,0.6923965,0.9846095,-0.861466,1.047706,-0.6234395,0.769133,2.734015,0.20663,-2.234861,-4.506048,-2.587451,-4.377906,1.860876
1.882361,-0.763224,2.314342,1.114528,2.034848,8.827496,5.268332,3.716483,1.6533155,1.3116515,1.5903435,-0.2254835,1.671184,0.008013,1.42427,3.386527,0.866345,-1.565495,-3.82738,-1.925964,-3.700457,2.500058
